Q708883	Shu-Park Chan | Chan Shu-woon | 
Q71018	Norbert Bisky | Jens Bisky | 
Q72841	Volker Lemke | 
Q72856	Walter Kirchschl√§ger | 
Q73314	Wolfgang Kroll | 
Q74264	Sabine S√ºtterlin-Waack | 
Q16004009	Carr Collins, Sr. | 
Q16059274	Sidney Bracey | 
Q4583027	Antonio Maceo Grajales | Jos√© Maceo | Rafael Maceo | Julio Maceo | Tom√°s Maceo | 
Q4747954	Charles Montague Cooke | 
Q4800044	Arthur Quintal II | 
Q5078302	Charles Gordon, 11th Marquess of Huntly | Lord Douglas Gordon | 
Q5081041	Charles Montague Cooke, Jr. | Clarence Hyde Cooke | 
Q5082628	Anna Russell, Duchess of Bedford | Leicester Stanhope, 5th Earl of Harrington | Charles Stanhope, 4th Earl of Harrington | 
Q78454	Maurice of Nassau, Prince of Orange | Frederick Henry, Prince of Orange | Philip William, Prince of Orange | Countess Louise Juliana of Nassau | Countess Elisabeth of Nassau | Countess Emilia Antwerpiana of Nassau | Countess Emilia of Nassau | Countess Catharina Belgica of Nassau | Countess Charlotte Flandrina of Nassau | Countess Charlotte Brabantina of Nassau | Countess Maria of Nassau | Countess Anna of Nassau | Justinus van Nassau | Q17428891 | 
Q4193709	Ariana Biermann | 
Q4273978	Piper Bee-Jones | Fletcher Bee-Jones | 
Q4398633	Q18399315 | 
Q4400917	William Cadogan, 1st Earl Cadogan | Charles Cadogan, 2nd Baron Cadogan | 
Q75817	Prince Ludwig of Bavaria | Princess Maria Elisabeth of Bavaria | Archduchess Dorothea of Austria | Prince Rasso of Bavaria | 
Q76876	Richard von Schirach | 
Q80069	Noah Shannon Green | Bodhi Ransom Green | 
Q80938	Ella Bleu Travolta | 
Q81520	Chris Brosnan | Sean Brosnan | Charlotte Brosnan | Paris Brosnan | 
Q822421	Anne Cowdrey, 14th Lady Herries of Terregles | Mary Mumford, 15th Lady Herries of Terregles | 
Q886942	Jacobus Johannes Fouch√© | 
Q240162	Peter Brant ll | 
Q925211	Bob Bennett | 
Q926150	Duryodhana | Dussasana | Yuyutsu | Duhsala | Vikarna | 
Q929016	Lena Kovaƒ?eviƒá | 
Q937062	Olja Beƒákoviƒá | 
Q777287	Eve Hewson | 
Q785925	Isaac Vossius | Dionies Vos | Matth√§us Vossius | 
Q816459	Rhoeyce Carson | Murray Carson | Ben Carson Jr. | 
Q16093011	Anthony Pritzker | J.B. Pritzker | 
Q16749773	Gillian Baverstock | Rosemary Pollock | 
Q16942568	Elliot Rodger | 
Q257464	Eston Hemings | Harriet Hemings | Madison Hemings | 
Q264516	Najib Razak | Nazir Razak | 
Q1345272	F√´dor Vasil'eviƒ? Orlov-Denisov | 
Q1378735	Daniel Pritzker | Thomas Pritzker | John Pritzker | Gigi Pritzker | 
Q1391312	Lavanam | 
Q1412816	James Packer | 
Q1606945	Enda Kenny | 
Q103647	Christian W.E. Haub | 
Q103939	Cassandra Jade Estevez | Sam J. Sheen | Lola Rose Sheen | 
Q5728838	Henry Sturgis Morgan Jr. | 
Q5930319	David Cholmondeley, 7th Marquess of Cholmondeley | 
Q6883628	Pauly Shore | 
Q7148738	Jacob Wetterling | 
Q7175014	Luther Halsey Gulick, Sr. | 
Q7176968	Kate Sissons | 
Q7183626	David Goodhart | 
Q7342255	Edith Minturn Stokes | 
Q7349333	Barbara T. Bowman | 
Q7357010	Rodney Mims Cook, Jr. | 
Q7422311	Benjamin Franklin Bache | Richard Bache Jr. | William Franklin Bache | Deborah Franklin Bache | 
Q711845	Francesco Barbaro | 
Q716830	Q15894070 | 
Q761134	Charles Gordon, 10th Marquess of Huntly | Lord Frederick Gordon-Hallyburton | 
Q234275	Webb Hayes | 
Q236842	Ella Bleu Travolta | 
Q80510	Kristina Orbakaitƒó | 
Q5083149	Wilfred Von der Ahe | 
Q5084038	Henry de Varigny | 
Q5113012	Frank G. Higgins | 
Q5344626	Eleanor Hestor Nicolls | 
Q5481205	Saara Kaskilahti | 
Q5512335	Gerard Luz James | 
Q5526468	George W. Romney | 
Q5537887	Hugh Cholmondeley, 6th Marquess of Cholmondeley | 
Q5543060	Jimmy Osmond | 
Q982339	Johan Donner | 
Q7790725	Edward Hoby | Thomas Posthumous Hoby | 
Q7807900	Stasha Palos | Brett Palos | 
Q7849434	M.anifest | 
Q7862112	Gabriela Alves | 
Q7881176	Umar Farouk Abdulmutallab | 
Q85126	Isolde Hausser | Sigurd Ganswindt | Gerlind Ganswindt | 
Q89231	Walter Kirchschl√§ger | 
Q7529125	Robert Frankland Russell | 
Q7789440	Thomas F. Frist, III | William R. Frist | 
Q310839	Lewis Stevenson | 
Q311669	Rika Matsumoto | 
Q2213593	Max Hastings | 
Q313482	Sean Covey | Stephen M. R. Covey | 
Q314774	Aatish Taseer | Shehrbano Taseer | 
Q7906210	Manoranjan Ravichandran | 
Q8070009	Q12409810 | Shimon Lev | 
Q1890299	Estrela Ruiz Leminski | 
Q2084307	Andrei of Polotsk | Vladimir Olgerdovich | Demetrius I Starshy | Feodor Olgerdovich | Agrypina | 
Q6116405	Michael Healy-Rae | 
Q6119023	Rachel Mordecai Lazarus | 
Q6153514	Nyeleti Mondlane | 
Q6216378	Klara Hitler | Therese Schmidt | Johanna P√∂lzl | 
Q6245834	Raymond J. Harbert | 
Q6284832	Lau Ming-wai | 
Q6438065	Kasimir Pennanen | 
Q6760783	Raymond J. Harbert | 
Q6830709	Anna Katharine Gow | 
Q1038705	Alessia Amendola | 
Q1064691	Jack Davenport | 
Q1113731	Jos√© Gonz√°lez Lucas | 
Q1216057	Sidney Bracey | 
Q1242028	Daragh O'Malley | 
Q104081	Michael Rooney | Tim Rooney | Mickey Rooney, Jr. | 
Q312011	Winnaretta Singer | Washington Singer | Mortimer Singer | Paris Singer | Q21077850 | 
Q313311	Noah Shannon Green | Bodhi Ransom Green | 
Q107957	Brian Haig | 
Q109471	Karl Boy-Ed | 
Q110126	Arat Dink | 
Q18386389	Sarada Charan Das | 
Q276043	Carmen Fraga Est√©vez | 
Q279261	George William, Duke of Liegnitz | Sofia Luisa di Anhalt-Bernburg | 
Q285330	Q17319618 | 
Q295093	Salom√© Lelouch | Sarah Lelouch | 
Q5544497	George Shenton | 
Q5571392	Caron Keating | Paul Keating | 
Q5701480	Rey Pratt | 
Q5715958	Margaret Bentinck, Duchess of Portland | 
Q315271	Zo√´ Kravitz | 
Q321160	Willeke Alberti | 
Q93227	Andrey Rimsky-Korsakov | 
Q95452	Udo Tschira | 
Q130853	Pl√°cido Domingo Jr. | 
Q93181	Dana Olmert | 
Q296647	Dylan Lauren | David Lauren | 
Q106365	Lolita Chammah | 
Q92368	Albert Speer | 
Q273546	Charles Hamlin | 
Q374229	Abigail Disney | 
Q380425	Q12411750 | 
Q383420	Christian Vadim | Vanessa Vadim | Nathalie Vadim | 
Q12403452	Q6731219 | Q7001644 | 
Q273055	Joann Kelly | 
Q273212	Clifton R. Breckinridge | 
Q2278925	Louis Regout | 
Q2635642	Albertas Go≈°tautas | 
Q2707632	Robert Regout | Louis Regout | 
Q296774	Sean Harmon | 
Q297006	Ramzan Kadyrov | 
Q119069	Alejandro Fern√°ndez | 
Q128121	Elizabeth Jagger | Jade Jagger | Georgia May Jagger | 
Q315087	Scott Marshall | 
Q3129431	Jukka Siren | Hannu Siren | Kirsi Siren | 
Q3132252	Anne de Rohan-Chabot | Louis, Duke of Rohan | 
Q3143159	t363036769 | 
Q3154783	John Wilkinson | Mary Priestley | 
Q3163908	Pierre-Jean de Boyer d'Eguilles | 
Q132232	Felix Schumann | Eugenie Schumann | 
Q406078	Ruth Snellman | Heidi Blomstedt | 
Q426489	Joost Timp | 
Q156349	Sarvepalli Gopal | 
Q2340383	Margaret Thatcher | 
Q3182298	Amelia Curran | Sarah Curran | 
Q3191952	Jukka Siren | Hannu Siren | Kirsi Siren | 
Q3420121	Atiqah Hasiholan | 
Q3462634	Harry Harkimo | 
Q3490671	Jan Masaryk | Alice Masarykov√° | Herbert Masaryk | Olga Masarykov√° | 
Q3499617	John I, Duke of Opava-Ratibor | Margaret of Opava | 
Q3557966	Giannis Vardinogiannis | 
Q98788	Timon Wellenreuther | 
Q101886	Rudolf von Ribbentrop | 
Q1682176	Peter Paul Rubens | Christine von Dietz | Philip Rubens | 
Q1770637	James Smith Bush | 
Q1795552	Fritz Stern | 
Q338100	George Campbell, 6th Duke of Argyll | John Campbell, 7th Duke of Argyll | 
Q343983	Max Winkler | 
Q360084	Mihhail Lotman | Aleksei Lotman | 
Q320	Sebasti√°n D√°valos | 
Q331209	Catharine Sedgwick | 
Q332813	Cynthia Spencer, Countess Spencer | 
Q335513	Louisa Montagu Douglas Scott, Duchess of Buccleuch | Maud Petty-Fitzmaurice, Marchioness of Lansdowne | 
Q335513	Louisa Montagu Douglas Scott, Duchess of Buccleuch | Maud Petty-Fitzmaurice, Marchioness of Lansdowne | 
Q336947	Edward Fitzalan-Howard, 18th Duke of Norfolk | Lady Marcia Fitzalan-Howard | Tessa Balfour, Countess of Balfour | Lady Carina Fitzalan-Howard | 
Q337754	Thomas Robinson, 2nd Baron Grantham | 
Q467628	Louis Giscard d'Estaing | Val√©rie-Anne Giscard d'Estaing | 
Q468492	G√©rald Fr√®re | 
Q468844	Jaros≈Çaw Wa≈Çƒôsa | 
Q2355955	Peter Paul Rubens | Philip Rubens | 
Q2721648	Saleh Bakri | Ziad Bakri | Adam Bakri | 
Q601805	Amber Le Bon | 
Q611595	Idzerd Frans van Humalda van Eysinga | 
Q437254	Marilou Berry | 
Q512309	Joseph Cedar | 
Q524896	Anna Maria Calhoun Clemson | 
Q533883	Wylder Thames | 
Q539872	Elena Furiase | 
Q152503	Pavel Khodorkovsky | 
Q503717	Babette van Veen | Anne van Veen | 
Q442497	Alexander Farnese, Duke of Parma | 
Q443434	Nyeleti Mondlane | 
Q448124	Ernest, Landgrave of Hesse-Rheinfels | Agnes of Hesse-Kassel | Frederick, Landgrave of Hesse-Eschwege | Magdalene von Hessen-Kassel | Landgravine Sophie of Hesse-Kassel | Herman IV, Landgrave of Hesse-Rotenburg | Q20938717 | 
Q460474	Jeffrey Byron | Venetia Stevenson | 
Q462473	Johnny de Mol | 
Q2834609	Robert Nihon | 
Q2991706	Rostislav Glebovich | Volodar Glebovich | Q13031603 | Q17045022 | 
Q3037220	Archduke Leopold Franz of Austria | 
Q433683	James Thi√©rr√©e | 
Q434291	Lucija ≈†erbed≈æija | Danilo ≈†erbed≈æija | 
Q436150	Amber Le Bon | 
Q437157	David Profumo | 
Q463734	Ever Carradine | 
Q892	Christopher Tolkien | John Francis Reuel Tolkien | 
Q4496	Tagg Romney | 
Q2492	Max Adenauer | 
Q488446	Chung Eui-sun | 
Q494964	Sinikka Kuula | 
Q2673	Mike Norris | 
Q2685	Patrick Schwarzenegger | Katherine Schwarzenegger | Joseph Baena | Christina Schwarzenegger | Christopher Schwarzenegger | 
Q132952	Sadie Sandler | 
Q3735752	Hanna-Riikka Siitonen | 
Q3784912	Elizabeth Monck, Duchess of Albemarle | Henry Cavendish, Earl of Ogle | Margaret Holles, Duchess of Newcastle-upon-Tyne | 
Q3807003	Anna Russell, Duchess of Bedford | Leicester Stanhope, 5th Earl of Harrington | Charles Stanhope, 4th Earl of Harrington | 
Q158813	David Huckabee | Sarah Huckabee | 
Q159099	Cosma Shiva Hagen | 
Q550045	Susan Wojcicki | Anne Wojcicki | 
Q554560	Ren√©-Charles Angelil | 
Q560746	Christiaan Huygens | Constantijn Huygens | Lodewijck Huygens | 
Q578102	Gwen Graham | 
Q594771	Jayme Matarazzo | 
Q4008699	Giannis Vardinogiannis | 
Q166714	Anthony Asquith | Elizabeth Bibesco | Cyril Asquith, Baron Asquith of Bishopstone | Raymond Asquith | Violet Bonham Carter | Arthur Asquith | Herbert Asquith | 
Q167429	Renana Kishon | 
Q167573	Victor Kalashnikov | Elena Mihaylovna Krasnovskaya | Natalia Mihaylovna Kalashnikova | 
Q2514	Lars Brandt | Peter Brandt | Matthias Brandt | 
Q178903	James Alexander Hamilton | Alexander Hamilton Jr. | John Church Hamilton | William S. Hamilton | Philip Hamilton | 
Q179497	Sean Stone | 
Q180280	Ahmet √ñzal | 
Q182397	Bergur L√∏kke Rasmussen | 
Q24207200	Alexander Van der Bellen | 
Q170068	Jorma Gallen-Kallela | Kirsti Gall√©n-Kallela | 
Q193048	Montana Fishburne | 
Q206922	Louis Ashbourne Serkis | 
Q8877	Sasha Spielberg | 
Q6279	Beau Biden | Hunter Biden | 
Q190628	George W. Bush | Jeb Bush | Neil Bush | Marvin P. Bush | Dorothy Bush Koch | 
Q664097	Ninfa Salinas Sada | 
Q689411	Diego Giacometti | Bruno Giacometti | Alberto Giacometti | 
Q5816	Mao Anying | Li Na | Mao Anqing | Li Min | Mao Anlong | Yang Yuehua | 
Q183703	Miroslav Tuƒëman | 
Q187033	Peter Craig | 
Q2071	Jennifer Lynch | 
Q5105	Ren√©-Charles Angelil | 
Q218503	Magnus Ferrell | 
Q229572	Sosie Bacon | 
Q207191	Anna Maria Calhoun Clemson | 
Q215339	Walter Runeberg | Ludvig Mikael Runeberg | Lorenzo Runeberg | 
Q223992	Jonathan Craven | 
Q2516	Susanne Schmidt | 
Q10738	Simone Alexandra Johnson | 
Q11237	Michael Rockefeller | Mark Rockefeller | Rodman Rockefeller | Steven Clark Rockefeller | 
Q191748	Lucas Cranach the Younger | Hans Cranach | 
Q230539	L√©onard Trierweiler | 
Q199801	Kaia Gerber | 
Q201118	Stanislas de Boufflers | 
Q11676	Allison Pataki | 
Q11806	John Quincy Adams | Abigail Adams Smith | Charles Adams | Thomas Boylston Adams | 
Q11256	Alina Fern√°ndez | Fidel √?ngel Castro Diaz-Balart | 
Q215562	Charles Remond Douglass | 
Q8612	Martha Johnson | 
Q11812	Martha Jefferson Randolph | Harriet Hemings | Mary Jefferson Eppes | Madison Hemings | 
Q11815	Eliza Kortright Monroe Hay | Maria Hester Monroe Gouverneur | 
Q11816	Charles Francis Adams, Sr. | George Washington Adams | John Adams II | 
Q216700	Gillian Glover | 
Q9696	Caroline Kennedy | John F. Kennedy, Jr. | Patrick Bouvier Kennedy | 
Q11817	Andrew Jackson Donelson | Daniel Smith Donelson | 
Q11820	Abraham Van Buren | John Van Buren | 
Q11869	John Scott Harrison | 
Q11881	David Gardiner Tyler | John Alexander Tyler | Letitia Tyler Semple | Lyon Gardiner Tyler | 
Q11896	Sarah Knox Taylor | Richard Taylor | Mary Elizabeth Bliss | 
Q11930	Joe Costner | 
Q12312	Benjamin Pierce | 
Q12769	Willem Drees | 
Q12983	Peter Van Rompuy | 
Q15056	Tom Dehaene | 
Q16019	Christine Strobl | 
Q19673	Kristin Gore | Karenna Gore Schiff | 
Q16390	Stephen Humphrey Bogart | 
Q23505	George W. Bush | Jeb Bush | Neil Bush | Marvin P. Bush | Dorothy Bush Koch | 
Q23685	Amy Carter | Jack Carter | 
Q34424	Milan Piqu√© i Mebarak | 
Q34597	Harry Augustus Garfield | James Rudolph Garfield | Abram Garfield | Eliza Garfield | 
Q34851	Michael Wilding junior | Maria Burton | 
Q35041	Katherine McKinley | 
Q35171	Esther Cleveland | Ruth Cleveland | 
Q35498	Chester Alan Arthur II | 
Q35686	Webb Hayes | 
Q36107	Laila Ali | Hana Yasmeen Ali | Maryum Ali | Muhammad Ali Jr. | 
Q36949	Drena De Niro | Raphael De Niro | 
Q36620	Sidsel Brahe | 
Q37079	Suri Cruise | 
Q37134	Prince Albert of Prussia | Frederick William IV of Prussia | Alexandra Feodorovna | Princess Louise of Prussia | Wilhelm I of Germany | Princess Alexandrine of Prussia | Prince Charles of Prussia | 
Q37459	Sunday Urban | Faith Urban | 
Q41223	Yevgeny Pasternak | 
Q41749	Helga Susanne Goebbels | Hildegard Traudel Goebbels | Helmut Christian Goebbels | Holdine Kathrin Goebbels | 
Q42869	Weston Cage | 
Q42101	John David Washington | 
Q43067	Gudrun Burwitz | 
Q43895	John Thynne, 4th Marquess of Bath | Lord Henry Thynne | 
Q44481	Charles √âmile de Laplace | 
Q45682	Ruth Snellman | Heidi Blomstedt | 
Q46052	Henrik Fogh Rasmussen | 
Q48259	Mary Cheney | 
Q49214	Ben Quayle | 
Q49216	Eleanor Mondale | Ted Mondale | 
Q53011	Asia Argento | 
Q57212	Johann Christoph Friedrich Bach | Johann Christian Bach | Gottfried Heinrich Bach | Elisabeth Juliana Friderica Bach | 
Q57366	Rustam Emomali | Ozoda Rahmon | 
Q57431	Radomir Nikoliƒá | 
Q57487	Carl Philipp Emanuel Bach | Wilhelm Friedemann Bach | Johann Gottfried Bernhard Bach | Catharina Dorothea Bach | 
Q58287	Hor Nambora | 
Q62845	Jasper Krabb√© | Martijn Krabb√© | 
Q61046	Ernest Courant | 
Q62496	Gabriele Quandt-Langenscheidt | 
Q65536	
Q66144	
Q66509	
Q67527	
Q68128	
Q68450	
Q69003	
Q69108	
Q69185	
Q69198	
Q69301	
Q69319	
Q70407	
Q70429	
Q70581	
Q71508	
Q71534	
Q72873	
Q73362	
Q73416	
Q73921	
Q73930	
Q74186	
Q74512	
Q74720	
Q74816	
Q75849	
Q75900	
Q76139	
Q76550	
Q76658	
Q76711	
Q76821	
Q76887	
Q76895	
Q77093	
Q77326	
Q77350	
Q77566	
Q77565	
Q77774	
Q78007	
Q78230	
Q78465	
Q79025	
Q79191	
Q80390	
Q80405	
Q80966	
Q81328	
Q82180	
Q82335	
Q83325	
Q83492	
Q84040	
Q85048	
Q85783	
Q86165	
Q86564	
Q86789	
Q86955	
Q87130	
Q87642	
Q87792	
Q88189	
Q89758	
Q90042	
Q90250	
Q90560	
Q92597	
Q92748	
Q93014	
Q94081	
Q94108	
Q94234	
Q94358	
Q95002	
Q95125	
Q95574	
Q95985	
Q96498	
Q96735	
Q98269	
Q98540	
Q99660	
Q100263	
Q100703	
Q101055	
Q101087	
Q101410	
Q102124	
Q103544	
Q104061	
Q104067	
Q104109	
Q104419	
Q104553	
Q105068	
Q106200	
Q106988	
Q106997	
Q107680	
Q107778	
Q108270	
Q108510	
Q108995	
Q109147	
Q109463	
Q109573	
Q110674	
Q111416	
Q111489	
Q111840	
Q112130	
Q112167	
Q113699	
Q113994	
Q115513	
Q115547	
Q115891	
Q115962	
Q116079	
Q116679	
Q117500	
Q117935	
Q119972	
Q120260	
Q121033	
Q121507	
Q122020	
Q122275	
Q123265	
Q123504	
Q123702	
Q123979	
Q124138	
Q124993	
Q125017	
Q125106	
Q125121	
Q125689	
Q127333	
Q127742	
Q128645	
Q128677	
Q128686	
Q128696	
Q128702	
Q128708	
Q128799	
Q129041	
Q129087	
Q129228	
Q129629	
Q129745	
Q130056	
Q130092	
Q130742	
Q133112	
Q133308	
Q133665	
Q134077	
Q139509	
Q140696	
Q142592	
Q145343	
Q147395	
Q148028	
Q148732	
Q149389	
Q149748	
Q150840	
Q151113	
Q151301	
Q151929	
Q151935	
Q152052	
Q152335	
Q152393	
Q152773	
Q153234	
Q153421	
Q153694	
Q153909	
Q153986	
Q154519	
Q219797	
Q219878	
Q220556	
Q220723	
Q220901	
Q221923	
Q222031	
Q223117	
Q223233	
Q223281	
Q223545	
Q223786	
Q223875	
Q224021	
Q224081	
Q224754	
Q224863	
Q225392	
Q225657	
Q228739	
Q228747	
Q229029	
Q229050	
Q229048	
Q229059	
Q229056	
Q229137	
Q229181	
Q229237	
Q229244	
Q229249	
Q229291	
Q229300	
Q229353	
Q229379	
Q229394	
Q229397	
Q229410	
Q229560	
Q229606	
Q229612	
Q229631	
Q229671	
Q229714	
Q229728	
Q229775	
Q229784	
Q229920	
Q229948	
Q229957	
Q229967	
Q229993	
Q230015	
Q230035	
Q230109	
Q230123	
Q230173	
Q230180	
Q230203	
Q230308	
Q230378	
Q230512	
Q230530	
Q230615	
Q230728	
Q230739	
Q230765	
Q230911	
Q230929	
Q230993	
Q231004	
Q231093	
Q231197	
Q231228	
Q231405	
Q231417	
Q231717	
Q231744	
Q231911	
Q231951	
Q232052	
Q232072	
Q232101	
Q232104	
Q232120	
Q232187	
Q232285	
Q232395	
Q232451	
Q232495	
Q232654	
Q232708	
Q232812	
Q232863	
Q232902	
Q232927	
Q155111	
Q155164	
Q155775	
Q155985	
Q156505	
Q156552	
Q157191	
Q157400	
Q158250	
Q158500	
Q158745	
Q159813	
Q160157	
Q161184	
Q161916	
Q162492	
Q162629	
Q162767	
Q163286	
Q164119	
Q164328	
Q164670	
Q164730	
Q164782	
Q164997	
Q165487	
Q165518	
Q166272	
Q166389	
Q166420	
Q166646	
Q167526	
Q167636	
Q168536	
Q168567	
Q168724	
Q168763	
Q168992	
Q169535	
Q169946	
Q170574	
Q170587	
Q170697	
Q171235	
Q171571	
Q171905	
Q171989	
Q172044	
Q172632	
Q173175	
Q173208	
Q173248	
Q173547	
Q173558	
Q173585	
Q174311	
Q174662	
Q174709	
Q175104	
Q175366	
Q175877	
Q176819	
Q176817	
Q177110	
Q177465	
Q177593	
Q177851	
Q178166	
Q179414	
Q179576	
Q179960	
Q180338	
Q180491	
Q180588	
Q180589	
Q181586	
Q181799	
Q181997	
Q182786	
Q183178	
Q184103	
Q184249	
Q184565	
Q184565	
Q184936	
Q185272	
Q186010	
Q186304	
Q188214	
Q188280	
Q188426	
Q188792	
Q188955	
Q189067	
Q189351	
Q189415	
Q232951	
Q232965	
Q232968	
Q233022	
Q233118	
Q233295	
Q233502	
Q233593	
Q233748	
Q233843	
Q233932	
Q234086	
Q234152	
Q234353	
Q234415	
Q234466	
Q234618	
Q234661	
Q234809	
Q234923	
Q234939	
Q234997	
Q235321	
Q235460	
Q235489	
Q235503	
Q235511	
Q235534	
Q235685	
Q235694	
Q235721	
Q235866	
Q235996	
Q236010	
Q236132	
Q236151	
Q236374	
Q236527	
Q236537	
Q236696	
Q236832	
Q236861	
Q237152	
Q237273	
Q237287	
Q237335	
Q237426	
Q237537	
Q237602	
Q237615	
Q237904	
Q237925	
Q238638	
Q239181	
Q239828	
Q240187	
Q240366	
Q240377	
Q240485	
Q241025	
Q241376	
Q241418	
Q241471	
Q241665	
Q241676	
Q241681	
Q241686	
Q241897	
Q242208	
Q242368	
Q242493	
Q242580	
Q242611	
Q242650	
Q242654	
Q242664	
Q242717	
Q242722	
Q242949	
Q244312	
Q244407	
Q245724	
Q246270	
Q247901	
Q248784	
Q249192	
Q249955	
Q250177	
Q251666	
Q251763	
Q252290	
Q253358	
Q253891	
Q254205	
Q189422	
Q189547	
Q189554	
Q189947	
Q190162	
Q190519	
Q190602	
Q191719	
Q192021	
Q192533	
Q193238	
Q193273	
Q193368	
Q193482	
Q193504	
Q193555	
Q193628	
Q193648	
Q193659	
Q193815	
Q194000	
Q195041	
Q195725	
Q195741	
Q199945	
Q200305	
Q200355	
Q200534	
Q201279	
Q201795	
Q202117	
Q202307	
Q202307	
Q202536	
Q202553	
Q202589	
Q202735	
Q202765	
Q202853	
Q203138	
Q203223	
Q203433	
Q204672	
Q205100	
Q205278	
Q205435	
Q205645	
Q205698	
Q206153	
Q206364	
Q206440	
Q207307	
Q207506	
Q207578	
Q207852	
Q208582	
Q208590	
Q208681	
Q209471	
Q209989	
Q210172	
Q210447	
Q211144	
Q211421	
Q211831	
Q212026	
Q212058	
Q212064	
Q212188	
Q212518	
Q212545	
Q212648	
Q213076	
Q213287	
Q213521	
Q213706	
Q213722	
Q214075	
Q214227	
Q214601	
Q214803	
Q214904	
Q215057	
Q215072	
Q215497	
Q215927	
Q215959	
Q216160	
Q216936	
Q217500	
Q217683	
Q219124	
Q219373	
Q219631	
Q254392	
Q254766	
Q254876	
Q255070	
Q255076	
Q255490	
Q255714	
Q255800	
Q256042	
Q256112	
Q256127	
Q258525	
Q258854	
Q259468	
Q259520	
Q259679	
Q259736	
Q259895	
Q260042	
Q260184	
Q260211	
Q260324	
Q260622	
Q260869	
Q260960	
Q261454	
Q261547	
Q261735	
Q262490	
Q262498	
Q262580	
Q262626	
Q262781	
Q262822	
Q263261	
Q263420	
Q263469	
Q264418	
Q264684	
Q264724	
Q264840	
Q264969	
Q265126	
Q265285	
Q265706	
Q265772	
Q265887	
Q266113	
Q266179	
Q266361	
Q266670	
Q266788	
Q266804	
Q266820	
Q267097	
Q267107	
Q267243	
Q267393	
Q267438	
Q267644	
Q267762	
Q268575	
Q268714	
Q269124	
Q269322	
Q269402	
Q269449	
Q269869	
Q269901	
Q269909	
Q270276	
Q270316	
Q270379	
Q270539	
Q270774	
Q270812	
Q271023	
Q271050	
Q271092	
Q271464	
Q271495	
Q271638	
Q271637	
Q271708	
Q271863	
Q271889	
Q271926	
Q271986	
Q272003	
Q272022	
Q272201	
Q272527	
Q272588	
Q272644	
Q272670	
Q272917	
Q272929	
Q272946	
Q272956	
Q273048	
Q273177	
Q273246	
Q273274	
Q273474	
Q273549	
Q274200	
Q274306	
Q274309	
Q274883	
Q274934	
Q275440	
Q275964	
Q276106	
Q277705	
Q280455	
Q281184	
Q281959	
Q282462	
Q283703	
Q284047	
Q284360	
Q284636	
Q285543	
Q287478	
Q287805	
Q287817	
Q288771	
Q289590	
Q290094	
Q290856	
Q291057	
Q291141	
Q291205	
Q291314	
Q291393	
Q291502	
Q291644	
Q291748	
Q291970	
Q291983	
Q292361	
Q292584	
Q292988	
Q293206	
Q293249	
Q293260	
Q293365	
Q294147	
Q294185	
Q294583	
Q295492	
Q296028	
Q296505	
Q296639	
Q296734	
Q296741	
Q296883	
Q296909	
Q297057	
Q297265	
Q297618	
Q298027	
Q298025	
Q298276	
Q298503	
Q298854	
Q298991	
Q298997	
Q299001	
Q299217	
Q299302	
Q299421	
Q299574	
Q299833	
Q302203	
Q302486	
Q302620	
Q304095	
Q304576	
Q307393	
Q307835	
Q308722	
Q309592	
Q309690	
Q309756	
Q310190	
Q310292	
Q310574	
Q310594	
Q310831	
Q310843	
Q310841	
Q310841	
Q310849	
Q310852	
Q310867	
Q310937	
Q311211	
Q311440	
Q311562	
Q311615	
Q311769	
Q311980	
Q311987	
Q312015	
Q312133	
Q312722	
Q312823	
Q312874	
Q312894	
Q313020	
Q313039	
Q313044	
Q313297	
Q313341	
Q313357	
Q313470	
Q313546	
Q313588	
Q313655	
Q313671	
Q313797	
Q313804	
Q313809	
Q313843	
Q314151	
Q314271	
Q314342	
Q314403	
Q314485	
Q314603	
Q314801	
Q315099	
Q315208	
Q315761	
Q315979	
Q316032	
Q316051	
Q316495	
Q316709	
Q316977	
Q317308	
Q317337	
Q317400	
Q317465	
Q317556	
Q317618	
Q318108	
Q318134	
Q318165	
Q318249	
Q318287	
Q318471	
Q318750	
Q319029	
Q319137	
Q319464	
Q319867	
Q320204	
Q320526	
Q320842	
Q321125	
Q321595	
Q322827	
Q323485	
Q324370	
Q324539	
Q324546	
Q325090	
Q325214	
Q325427	
Q327436	
Q327542	
Q327716	
Q327822	
Q328110	
Q328247	
Q328269	
Q328753	
Q330460	
Q330918	
Q331278	
Q331707	
Q331719	
Q331838	
Q332323	
Q332336	
Q332650	
Q332667	
Q332799	
Q332954	
Q332987	
Q332994	
Q333141	
Q333145	
Q333267	
Q333276	
Q333413	
Q333446	
Q333475	
Q333480	
Q333533	
Q333595	
Q333701	
Q333735	
Q333755	
Q333937	
Q333986	
Q334019	
Q334155	
Q334348	
Q335100	
Q335374	
Q335576	
Q335608	
Q335688	
Q335910	
Q336011	
Q336064	
Q336282	
Q336489	
Q336599	
Q336760	
Q336905	
Q336993	
Q337453	
Q337470	
Q337984	
Q338148	
Q338190	
Q338981	
Q342430	
Q342765	
Q342953	
Q343510	
Q344735	
Q345212	
Q345481	
Q347418	
Q347706	
Q348059	
Q348144	
Q348345	
Q348533	
Q348577	
Q348755	
Q348874	
Q349024	
Q349070	
Q349548	
Q350194	
Q350916	
Q351156	
Q352159	
Q352233	
Q353003	
Q353774	
Q353826	
Q353978	
Q354768	
Q355116	
Q355241	
Q355344	
Q355361	
Q355522	
Q355850	
Q356109	
Q356253	
Q356287	
Q356460	
Q356756	
Q357616	
Q358306	
Q358421	
Q358443	
Q359207	
Q359210	
Q359366	
Q359442	
Q359665	
Q359888	
Q360986	
Q361173	
Q361225	
Q361230	
Q361240	
Q361275	
Q361460	
Q361581	
Q361630	
Q362616	
Q362930	
Q364194	
Q365869	
Q365915	
Q366141	
Q366385	
Q366532	
Q367056	
Q367589	
Q368868	
Q368896	
Q368920	
Q369612	
Q369627	
Q371430	
Q371860	
Q372442	
Q372559	
Q373046	
Q373092	
Q374065	
Q374106	
Q375397	
Q376126	
Q376176	
Q377266	
Q379197	
Q380063	
Q380095	
Q380182	
Q380299	
Q380301	
Q380312	
Q380363	
Q380484	
Q380678	
Q380730	
Q381157	
Q381658	
Q381670	
Q382064	
Q382393	
Q382485	
Q382696	
Q384030	
Q385806	
Q386784	
Q388236	
Q390147	
Q390491	
Q391072	
Q392370	
Q399131	
Q399621	
Q403662	
Q418622	
Q418843	
Q427388	
Q427577	
Q428402	
Q428835	
Q429075	
Q429777	
Q430714	
Q430816	
Q430844	
Q430922	
Q431167	
Q431515	
Q432431	
Q432940	
Q433091	
Q433138	
Q433157	
Q433252	
Q433352	
Q433368	
Q433421	
Q433520	
Q433692	
Q433857	
Q434121	
Q434497	
Q434650	
Q435210	
Q435434	
Q435625	
Q435925	
Q436546	
Q437801	
Q437839	
Q438010	
Q438266	
Q439085	
Q439111	
Q439261	
Q439729	
Q439895	
Q440054	
Q440206	
Q440240	
Q440246	
Q440626	
Q440678	
Q440910	
Q441272	
Q441836	
Q441899	
Q442111	
Q442202	
Q442226	
Q443058	
Q443073	
Q443488	
Q443607	
Q443803	
Q443850	
Q444059	
Q444194	
Q444273	
Q444372	
Q444561	
Q444685	
Q444725	
Q444788	
Q444994	
Q445004	
Q445739	
Q445772	
Q445921	
Q446089	
Q446290	
Q447250	
Q447389	
Q447538	
Q447614	
Q447971	
Q448141	
Q448479	
Q448594	
Q448983	
Q449114	
Q449521	
Q449591	
Q449929	
Q449940	
Q449959	
Q450262	
Q450429	
Q450471	
Q450523	
Q450646	
Q450851	
Q450987	
Q451359	
Q451839	
Q451925	
Q451992	
Q452331	
Q453141	
Q453228	
Q453893	
Q454138	
Q454138	
Q454142	
Q454149	
Q454180	
Q454382	
Q454388	
Q454481	
Q454515	
Q454856	
Q455023	
Q455036	
Q455317	
Q455824	
Q455838	
Q455854	
Q456386	
Q456385	
Q456433	
Q456636	
Q456708	
Q456966	
Q457268	
Q457445	
Q457706	
Q457825	
Q458345	
Q458734	
Q458740	
Q458779	
Q458809	
Q458815	
Q459078	
Q459145	
Q459176	
Q459278	
Q459603	
Q459816	
Q460459	
Q460898	
Q461504	
Q461727	
Q462335	
Q462354	
Q462368	
Q462737	
Q463163	
Q463557	
Q463588	
Q463612	
Q463862	
Q463882	
Q464578	
Q464587	
Q465089	
Q465160	
Q465216	
Q465437	
Q465476	
Q465597	
Q465749	
Q465989	
Q466420	
Q466548	
Q466580	
Q466819	
Q466954	
Q466972	
Q467414	
Q467423	
Q467604	
Q467633	
Q467829	
Q467905	
Q468028	
Q468271	
Q468601	
Q469507	
Q469927	
Q470260	
Q470663	
Q471006	
Q471215	
Q471250	
Q471901	
Q472053	
Q472216	
Q472254	
Q472320	
Q472750	
Q473096	
Q473132	
Q473775	
Q474763	
Q478596	
Q481925	
Q482827	
Q483118	
Q483379	
Q483382	
Q483907	
Q484365	
Q485298	
Q485755	
Q485894	
Q485901	
Q486559	
Q487427	
Q488086	
Q490240	
Q493227	
Q494208	
Q496356	
Q498263	
Q500022	
Q500581	
Q501680	
Q503040	
Q503545	
Q503917	
Q503997	
Q504508	
Q504773	
Q505200	
Q506694	
Q506708	
Q507469	
Q507985	
Q508157	
Q508184	
Q508681	
Q508725	
Q508843	
Q509840	
Q509946	
Q510705	
Q510948	
Q511459	
Q511467	
Q511689	
Q512006	
Q512062	
Q513091	
Q513317	
Q513476	
Q513603	
Q513807	
Q513870	
Q514080	
Q514190	
Q515259	
Q515563	
Q515624	
Q515664	
Q515858	
Q516035	
Q517137	
Q517317	
Q517589	
Q518197	
Q518534	
Q518632	
Q518695	
Q518779	
Q519143	
Q519780	
Q520001	
Q521114	
Q521361	
Q521774	
Q521790	
Q521959	
Q524264	
Q525065	
Q525221	
Q528486	
Q528527	
Q529189	
Q529364	
Q529391	
Q529543	
Q529705	
Q530550	
Q530992	
Q531008	
Q532279	
Q535342	
Q535887	
Q538375	
Q538965	
Q539281	
Q539509	
Q539673	
Q539821	
Q540847	
Q541330	
Q541433	
Q541827	
Q542277	
Q542413	
Q542860	
Q543693	
Q544464	
Q545077	
Q545172	
Q545711	
Q545924	
Q546014	
Q547153	
Q547293	
Q548569	
Q548786	
Q550395	
Q550426	
Q552353	
Q553229	
Q553254	
Q553454	
Q553575	
Q554320	
Q554510	
Q554620	
Q554792	
Q555226	
Q555236	
Q555549	
Q555669	
Q556034	
Q557049	
Q557272	
Q557293	
Q557482	
Q558034	
Q558880	
Q559592	
Q559638	
Q559844	
Q559942	
Q560499	
Q561676	
Q561800	
Q562596	
Q563156	
Q563211	
Q565374	
Q568179	
Q569378	
Q572186	
Q574033	
Q575586	
Q575689	
Q577831	
Q583571	
Q584073	
Q584986	
Q586749	
Q586914	
Q592948	
Q594270	
Q596008	
Q596776	
Q597350	
Q597613	
Q597940	
Q598313	
Q605422	
Q605874	
Q607672	
Q608388	
Q608533	
Q609138	
Q609668	
Q611182	
Q612192	
Q612436	
Q616850	
Q616886	
Q616960	
Q617955	
Q618233	
Q618352	
Q618733	
Q621514	
Q622219	
Q625050	
Q625766	
Q626435	
Q632321	
Q634365	
Q635520	
Q637012	
Q638107	
Q640093	
Q642876	
Q644783	
Q645267	
Q645970	
Q648093	
Q648897	
Q649721	
Q650219	
Q653236	
Q654433	
Q656035	
Q657348	
Q659409	
Q660297	
Q661008	
Q674280	
Q674957	
Q675177	
Q676094	
Q676658	
Q680582	
Q680669	
Q682310	
Q684712	
Q687936	
Q690405	
Q690874	
Q690974	
Q696659	
Q697065	
Q698141	
Q703278	
Q704395	
Q704974	
Q705472	
Q706358	
Q706475	
Q706743	
Q707210	
Q707827	
Q709063	
Q710169	
Q710953	
Q711493	
Q712765	
Q712803	
Q714185	
Q714661	
Q716170	
Q716608	
Q716617	
Q716826	
Q716827	
Q717487	
Q717543	
Q717883	
Q718230	
Q718634	
Q718870	
Q719256	
Q719324	
Q719330	
Q719568	
Q720121	
Q721219	
Q721715	
Q721871	
Q723134	
Q723502	
Q725193	
Q725250	
Q725863	
Q726298	
Q727587	
Q727798	
Q728006	
Q728530	
Q728720	
Q729199	
Q730580	
Q731331	
Q731342	
Q731640	
Q731705	
Q731819	
Q731854	
Q732142	
Q733452	
Q734319	
Q734425	
Q734495	
Q735030	
Q735182	
Q736610	
Q737527	
Q737739	
Q737981	
Q738404	
Q738449	
Q739660	
Q739807	
Q741462	
Q741784	
Q743162	
Q743472	
Q745086	
Q745346	
Q745414	
Q748584	
Q748837	
Q749710	
Q750091	
Q756223	
Q756232	
Q756635	
Q765451	
Q767499	
Q771690	
Q772086	
Q776941	
Q782637	
Q794267	
Q794517	
Q800095	
Q810598	
Q810598	
Q816457	
Q816568	
Q822237	
Q829289	
Q832321	
Q833341	
Q837676	
Q838349	
Q842633	
Q846557	
Q847124	
Q861110	
Q861324	
Q862238	
Q862300	
Q862430	
Q862680	
Q863220	
Q863316	
Q864408	
Q867599	
Q879432	
Q880362	
Q880570	
Q880678	
Q881020	
Q881171	
Q881196	
Q881947	
Q881964	
Q882034	
Q882225	
Q882516	
Q885236	
Q885479	
Q886068	
Q886120	
Q886125	
Q887047	
Q887122	
Q887335	
Q887841	
Q888007	
Q888027	
Q888178	
Q888185	
Q888312	
Q888342	
Q888517	
Q888937	
Q889109	
Q889115	
Q889253	
Q890410	
Q893280	
Q896397	
Q896953	
Q901185	
Q906898	
Q907913	
Q908749	
Q910448	
Q912430	
Q912542	
Q913659	
Q913872	
Q918506	
Q920195	
Q923540	
Q923806	
Q924567	
Q926488	
Q927771	
Q928118	
Q928169	
Q928425	
Q929581	
Q929985	
Q930436	
Q930937	
Q933740	
Q935074	
Q936720	
Q937091	
Q937937	
Q938542	
Q940699	
Q940924	
Q942932	
Q943046	
Q945390	
Q945512	
Q945831	
Q946591	
Q946712	
Q947855	
Q949514	
Q950280	
Q952156	
Q952740	
Q953209	
Q954374	
Q955513	
Q956164	
Q956479	
Q956808	
Q956908	
Q957404	
Q958996	
Q959888	
Q959964	
Q960676	
Q961480	
Q961972	
Q963100	
Q964365	
Q964993	
Q965379	
Q966349	
Q966803	
Q968286	
Q969294	
Q973604	
Q974192	
Q975890	
Q978315	
Q979131	
Q979262	
Q981007	
Q981471	
Q981499	
Q981692	
Q981736	
Q981847	
Q981878	
Q982175	
Q982225	
Q982240	
Q982259	
Q983191	
Q983664	
Q983831	
Q983971	
Q984186	
Q984248	
Q984369	
Q984570	
Q986211	
Q987166	
Q1001652	
Q1007244	
Q1018612	
Q1027431	
Q1029359	
Q1029449	
Q1033841	
Q1035900	
Q1036419	
Q1036674	
Q1040783	
Q1043109	
Q1043820	
Q1045031	
Q1045681	
Q1050947	
Q1057736	
Q1061473	
Q1065430	
Q1066254	
Q1066869	
Q1068279	
Q1082998	
Q1083790	
Q1086748	
Q1086823	
Q1087537	
Q1091934	
Q1100609	
Q1101643	
Q1108634	
Q1119241	
Q1132927	
Q1133203	
Q1133207	
Q1134096	
Q1137062	
Q1138602	
Q1139261	
Q1139602	
Q1147104	
Q1147738	
Q1148035	
Q1148669	
Q1154469	
Q1155998	
Q1156348	
Q1163099	
Q1165052	
Q1165408	
Q1174134	
Q1175610	
Q1175737	
Q1175814	
Q1176391	
Q1189095	
Q1190156	
Q1200004	
Q1200272	
Q1209649	
Q1210578	
Q1217820	
Q1222671	
Q1225624	
Q1227076	
Q1237120	
Q1238593	
Q1238979	
Q1239082	
Q1239364	
Q1240227	
Q1245136	
Q1247765	
Q1250067	
Q1260655	
Q1260865	
Q1262453	
Q1263807	
Q1263812	
Q1263856	
Q1265699	
Q1268767	
Q1270283	
Q1271088	
Q1273676	
Q1274453	
Q1278135	
Q1279554	
Q1281084	
Q1281098	
Q1281335	
Q1285234	
Q1286036	
Q1287583	
Q1288608	
Q1288779	
Q1289699	
Q1292127	
Q1292714	
Q1301476	
Q1314511	
Q1317281	
Q1319532	
Q1319934	
Q1323218	
Q1330716	
Q1334290	
Q1334788	
Q1335192	
Q1336850	
Q1337248	
Q1337736	
Q1338183	
Q1338401	
Q1339153	
Q1339382	
Q1340268	
Q1340480	
Q1340699	
Q1340718	
Q1340808	
Q1344707	
Q1344743	
Q1345787	
Q1346239	
Q1346298	
Q1347274	
Q1349729	
Q1349845	
Q1352552	
Q1354229	
Q1354302	
Q1355849	
Q1356690	
Q1357206	
Q1357640	
Q1360069	
Q1361191	
Q1363583	
Q1365430	
Q1366279	
Q1367182	
Q1368315	
Q1368924	
Q1368995	
Q1369468	
Q1371024	
Q1371467	
Q1371822	
Q1374014	
Q1374258	
Q1375236	
Q1376180	
Q1376418	
Q1380459	
Q1383137	
Q1384655	
Q1387831	
Q1387868	
Q1388111	
Q1390122	
Q1390488	
Q1390688	
Q1390963	
Q1391309	
Q1391469	
Q1391564	
Q1392741	
Q1394519	
Q1395018	
Q1395713	
Q1396536	
Q1397303	
Q1398503	
Q1399218	
Q1405662	
Q1415359	
Q1418322	
Q1424544	
Q1425547	
Q1427943	
Q1431063	
Q1431215	
Q1441678	
Q1443353	
Q1443716	
Q1444608	
Q1450857	
Q1452565	
Q1456085	
Q1458035	
Q1459247	
Q1460218	
Q1464697	
Q1465254	
Q1467594	
Q1477474	
Q1488960	
Q1489759	
Q1490679	
Q1495124	
Q1499408	
Q1501385	
Q1507008	
Q1507132	
Q1508402	
Q1508680	
Q1509377	
Q1509803	
Q1515641	
Q1520078	
Q1522688	
Q1527081	
Q1528405	
Q1543893	
Q1545023	
Q1556074	
Q1557542	
Q1561913	
Q1562932	
Q1563211	
Q1563494	
Q1563905	
Q1564965	
Q1564976	
Q1565292	
Q1566314	
Q1566435	
Q1566475	
Q1567621	
Q1568274	
Q1569513	
Q1574416	
Q1574779	
Q1584789	
Q1586871	
Q1587931	
Q1588424	
Q1603632	
Q1605046	
Q1605045	
Q1611068	
Q1612942	
Q1613980	
Q1616538	
Q1617368	
Q1618361	
Q1635020	
Q1646172	
Q1646407	
Q1646437	
Q1646835	
Q1647123	
Q1650092	
Q1655204	
Q1658872	
Q1659220	
Q1668424	
Q1670096	
Q1672548	
Q1676908	
Q1677579	
Q1679931	
Q1680805	
Q1680948	
Q1683881	
Q1684305	
Q1686330	
Q1687749	
Q1687830	
Q1689050	
Q1689414	
Q1690817	
Q1691639	
Q1691642	
Q1694243	
Q1700253	
Q1701101	
Q1701714	
Q1702841	
Q1703194	
Q1703481	
Q1703564	
Q1706673	
Q1711532	
Q1714165	
Q1715512	
Q1715697	
Q1717636	
Q1719161	
Q1719952	
Q1735710	
Q1737755	
Q1742104	
Q1746534	
Q1749070	
Q1755661	
Q1764708	
Q1770803	
Q1770922	
Q1770968	
Q1789402	
Q1791549	
Q1797444	
Q1800660	
Q1802106	
Q1803708	
Q1805332	
Q1813023	
Q1818985	
Q1827764	
Q1827815	
Q1827902	
Q1837039	
Q1843566	
Q1849463	
Q1854955	
Q1867280	
Q1868563	
Q1873454	
Q1877051	
Q1883801	
Q1886607	
Q1889410	
Q1891440	
Q1891910	
Q1892914	
Q1893048	
Q1894128	
Q1898314	
Q1903713	
Q1909268	
Q1913854	
Q1919467	
Q1922035	
Q1922402	
Q1928805	
Q1931736	
Q1932761	
Q1941306	
Q1948717	
Q1949243	
Q1955169	
Q1960757	
Q1963288	
Q1964484	
Q1964531	
Q1966985	
Q1968551	
Q1976542	
Q1978533	
Q1982054	
Q1990130	
Q1991258	
Q1995359	
Q1999448	
Q1999640	
Q2001156	
Q2008535	
Q2009987	
Q2017211	
Q2019135	
Q2023708	
Q2024119	
Q2036942	
Q2038037	
Q2038188	
Q2038800	
Q2046028	
Q2048881	
Q2058966	
Q2059020	
Q2065232	
Q2065985	
Q2068029	
Q2069109	
Q2069618	
Q2069825	
Q2070442	
Q2070906	
Q2073804	
Q2074266	
Q2077718	
Q2082731	
Q2089757	
Q2108028	
Q2110636	
Q2117189	
Q2117916	
Q2123697	
Q2128082	
Q2130783	
Q2131117	
Q2148853	
Q2156310	
Q2156386	
Q2156912	
Q2165337	
Q2165469	
Q2172919	
Q2199572	
Q2204566	
Q2210990	
Q2221933	
Q2224379	
Q2227969	
Q2233475	
Q2245838	
Q2255366	
Q2260957	
Q2262244	
Q2267425	
Q2272788	
Q2273577	
Q2276876	
Q2278040	
Q2287503	
Q2298313	
Q2301314	
Q2307180	
Q2312387	
Q2320780	
Q2323271	
Q2323995	
Q2325642	
Q2327154	
Q2330871	
Q2331772	
Q2336310	
Q2341056	
Q2343709	
Q2345157	
Q2345311	
Q2347440	
Q2348072	
Q2351930	
Q2354753	
Q2355538	
Q2355582	
Q2356216	
Q2358831	
Q2361757	
Q2370506	
Q2376008	
Q2379965	
Q2380190	
Q2380853	
Q2389423	
Q2391493	
Q2405660	
Q2405844	
Q2409263	
Q2411298	
Q2412207	
Q2415894	
Q2420524	
Q2421799	
Q2424296	
Q2424957	
Q2426031	
Q2426288	
Q2426851	
Q2429311	
Q2438420	
Q2439613	
Q2442656	
Q2442673	
Q2451052	
Q2451952	
Q2465450	
Q2466825	
Q2480843	
Q2484368	
Q2487887	
Q2492063	
Q2495157	
Q2497553	
Q2503371	
Q2506992	
Q2507541	
Q2507987	
Q2508120	
Q2512714	
Q2513269	
Q2536187	
Q2538082	
Q2541675	
Q2543353	
Q2546246	
Q2547878	
Q2558996	
Q2568741	
Q2569624	
Q2570365	
Q2571507	
Q2573415	
Q2577965	
Q2578368	
Q2578974	
Q2579937	
Q2580557	
Q2582579	
Q2585996	
Q2593718	
Q2595827	
Q2598183	
Q2609729	
Q2616690	
Q2617927	
Q2618302	
Q2626330	
Q2627183	
Q2628993	
Q2631716	
Q2634360	
Q2636751	
Q2636948	
Q2637691	
Q2638264	
Q2638642	
Q2639476	
Q2644291	
Q2646974	
Q2648070	
Q2649812	
Q2650816	
Q2657882	
Q2658284	
Q2660201	
Q2664783	
Q2669971	
Q2670089	
Q2670396	
Q2688890	
Q2696680	
Q2704200	
Q2704814	
Q2704838	
Q2706805	
Q2714911	
Q2721032	
Q2723018	
Q2730653	
Q2731624	
Q2732845	
Q2733744	
Q2735913	
Q2736351	
Q2739748	
Q2742655	
Q2748696	
Q2749279	
Q2754439	
Q2779246	
Q2787296	
Q2788699	
Q2805297	
Q2819666	
Q2821621	
Q2830125	
Q2832466	
Q2832729	
Q2832972	
Q2833316	
Q2839609	
Q2846682	
Q2846708	
Q2850388	
Q2856132	
Q2865163	
Q2866926	
Q2872524	
Q2886753	
Q2892539	
Q2892721	
Q2892815	
Q2893018	
Q2894405	
Q2895810	
Q2896996	
Q2902995	
Q2907460	
Q2909469	
Q2911233	
Q2915518	
Q2926177	
Q2927172	
Q2939042	
Q2939466	
Q2939658	
Q2939864	
Q2945133	
Q2947264	
Q2956352	
Q2960837	
Q2965115	
Q2965981	
Q2966652	
Q2971799	
Q2977137	
Q2977664	
Q2979423	
Q2981186	
Q2982470	
Q2983881	
Q2985955	
Q3009722	
Q3013611	
Q3014697	
Q3017223	
Q3017982	
Q3018737	
Q3020872	
Q3023069	
Q3026137	
Q3026141	
Q3028225	
Q3028368	
Q3033418	
Q3034864	
Q3034879	
Q3035833	
Q3036070	
Q3036086	
Q3040061	
Q3045927	
Q3048400	
Q3050415	
Q3051212	
Q3051257	
Q3053437	
Q3056623	
Q3057247	
Q3058909	
Q3064054	
Q3068348	
Q3072287	
Q3080090	
Q3082711	
Q3083557	
Q3089856	
Q3090544	
Q3090591	
Q3094187	
Q3098642	
Q3101602	
Q3105250	
Q3106615	
Q3106705	
Q3115393	
Q3116214	
Q3117917	
Q3121614	
Q3126304	
Q3126824	
Q3129097	
Q3129104	
Q3129672	
Q3133389	
Q3135658	
Q3137806	
Q3139642	
Q3143235	
Q3144806	
Q3147272	
Q3147511	
Q3147680	
Q3156207	
Q3157345	
Q3157516	
Q3164638	
Q3167911	
Q3168569	
Q3168640	
Q3168992	
Q3170342	
Q3176005	
Q3176161	
Q3178896	
Q3179517	
Q3181298	
Q3181410	
Q3181808	
Q3182247	
Q3182488	
Q3183321	
Q3183562	
Q3186159	
Q3186526	
Q3187634	
Q3187934	
Q3190542	
Q3191217	
Q3194729	
Q3195014	
Q3200900	
Q3236790	
Q3237809	
Q3240738	
Q3240869	
Q3241882	
Q3247194	
Q3249197	
Q3260128	
Q3265837	
Q3273384	
Q3276717	
Q3280515	
Q3288389	
Q3290309	
Q3291251	
Q3291695	
Q3293222	
Q3295485	
Q3296069	
Q3296441	
Q3306447	
Q3308047	
Q3309911	
Q3311482	
Q3311661	
Q3320544	
Q3321283	
Q3321312	
Q3321553	
Q3323197	
Q3323998	
Q3329244	
Q3334944	
Q3335849	
Q3340349	
Q3340860	
Q3345518	
Q3346285	
Q3350456	
Q3350857	
Q3351264	
Q3351364	
Q3351697	
Q3367079	
Q3376613	
Q3376617	
Q3385672	
Q3385801	
Q3389105	
Q3406356	
Q3418338	
Q3419843	
Q3421728	
Q3425142	
Q3431152	
Q3433242	
Q3434149	
Q3434404	
Q3436302	
Q3440521	
Q3442740	
Q3446429	
Q3446751	
Q3447236	
Q3455756	
Q3462630	
Q3467353	
Q3467611	
Q3471847	
Q3479675	
Q3481745	
Q3484452	
Q3488976	
Q3491478	
Q3491505	
Q3496961	
Q3497681	
Q3497982	
Q3498613	
Q3499339	
Q3502152	
Q3503624	
Q3510804	
Q3514836	
Q3518399	
Q3518753	
Q3518911	
Q3521531	
Q3521617	
Q3521977	
Q3523686	
Q3524472	
Q3525366	
Q3530233	
Q3543348	
Q3543506	
Q3543546	
Q3545747	
Q3545758	
Q3546493	
Q3547495	
Q3549149	
Q3551218	
Q3554543	
Q3559545	
Q3559912	
Q3565908	
Q3577073	
Q3593226	
Q3595185	
Q3595934	
Q3609028	
Q3616350	
Q3616783	
Q3623584	
Q3632672	
Q3634892	
Q3635459	
Q3658587	
Q3661230	
Q3672516	
Q3676126	
Q3700226	
Q3703134	
Q3703787	
Q3713559	
Q3714374	
Q3719580	
Q3723180	
Q3723234	
Q3725911	
Q3734272	
Q3734625	
Q3735576	
Q3736070	
Q3736444	
Q3741291	
Q3741557	
Q3742337	
Q3743314	
Q3744442	
Q3751774	
Q3752026	
Q3753495	
Q3758525	
Q3777541	
Q3777548	
Q3777573	
Q3777612	
Q3777896	
Q3778264	
Q3786750	
Q3788188	
Q3806988	
Q3808351	
Q3808395	
Q3809982	
Q3813370	
Q3814493	
Q3818116	
Q3826907	
Q3827871	
Q3827891	
Q3828608	
Q3831482	
Q3832427	
Q3838153	
Q3859651	
Q3885877	
Q3886024	
Q3895991	
Q3897698	
Q3901730	
Q3917203	
Q3917208	
Q3938169	
Q3958199	
Q3966565	
Q3973335	
Q3973448	
Q3978226	
Q3978383	
Q4002994	
Q4015966	
Q4022844	
Q4023856	
Q4027185	
Q4054890	
Q4055562	
Q4064520	
Q4076852	
Q4086613	
Q4093222	
Q4097160	
Q4097398	
Q4098431	
Q4115000	
Q4115004	
Q4115348	
Q4115622	
Q4119918	
Q4120482	
Q4121264	
Q4132909	
Q4133103	
Q4149842	
Q4153065	
Q4160053	
Q4166605	
Q4166660	
Q4170519	
Q4187311	
Q4189748	
Q4199231	
Q4202584	
Q4231614	
Q4248913	
Q4249129	
Q4249647	
Q4250974	
Q4259902	
Q4260940	
Q4261889	
Q4271289	
Q4282580	
Q4285724	
Q4291304	
Q4293849	
Q4308250	
Q4310431	
Q4310477	
Q4321503	
Q4328791	
Q4330048	
Q4349527	
Q4350536	
Q4351984	
Q4352955	
Q4353854	
Q4354080	
Q4354723	
Q4354912	
Q4355492	
Q4355517	
Q4355528	
Q4355545	
Q4355802	
Q4355869	
Q4356180	
Q4356251	
Q4357464	
Q4358037	
Q4359688	
Q4384608	
Q4385624	
Q4391041	
Q4391086	
Q4396739	
Q4407922	
Q4407963	
Q4408942	
Q4411986	
Q4414537	
Q4419402	
Q4422468	
Q4441320	
Q4476256	
Q4476344	
Q4483348	
Q4492815	
Q4497589	
Q4498656	
Q4499275	
Q4519529	
Q4524729	
Q4531360	
Q4562806	
Q4578939	
Q4586975	
Q4588202	
Q4647563	
Q4647998	
Q4647996	
Q4661998	
Q4662381	
Q4662642	
Q4663399	
Q4663728	
Q4663763	
Q4664534	
Q4665235	
Q4665322	
Q4665893	
Q4666301	
Q4667713	
Q4675793	
Q4678986	
Q4679008	
Q4679504	
Q4681866	
Q4682556	
Q4684900	
Q4685694	
Q4685706	
Q4695225	
Q4695806	
Q4696045	
Q4696084	
Q4696759	
Q4696764	
Q4697421	
Q4699778	
Q4700861	
Q4706091	
Q4706235	
Q4706356	
Q4706463	
Q4706592	
Q4706617	
Q4706820	
Q4706943	
Q4707110	
Q4707671	
Q4708272	
Q4708784	
Q4709725	
Q4709758	
Q4709994	
Q4710227	
Q4710369	
Q4710485	
Q4720612	
Q4720909	
Q4722007	
Q4723389	
Q4723404	
Q4723604	
Q4723693	
Q4724535	
Q4726275	
Q4727087	
Q4727192	
Q4727199	
Q4730776	
Q4730781	
Q4730992	
Q4732777	
Q4739738	
Q4742447	
Q4746345	
Q4746508	
Q4750399	
Q4751029	
Q4754808	
Q4755009	
Q4755023	
Q4755097	
Q4755712	
Q4756798	
Q4756956	
Q4757494	
Q4757575	
Q4757691	
Q4758475	
Q4758687	
Q4759587	
Q4762451	
Q4764645	
Q4766247	
Q4766311	
Q4766449	
Q4766680	
Q4766980	
Q4767161	
Q4768362	
Q4768394	
Q4768453	
Q4769466	
Q4772271	
Q4772543	
Q4772649	
Q4773717	
Q4775789	
Q4775850	
Q4776483	
Q4777178	
Q4778017	
Q4778065	
Q4779594	
Q4783514	
Q4786605	
Q4788778	
Q4790515	
Q4795023	
Q4795147	
Q4795268	
Q4795995	
Q4798484	
Q4799429	
Q4800549	
Q4800644	
Q4802123	
Q4802142	
Q4802209	
Q4802220	
Q4803166	
Q4803335	
Q4805306	
Q4805369	
Q4808845	
Q4823022	
Q4828386	
Q4830347	
Q4834197	
Q4834233	
Q4836968	
Q4837349	
Q4842524	
Q4846291	
Q4850151	
Q4858795	
Q4858809	
Q4858820	
Q4858937	
Q4859061	
Q4859202	
Q4859221	
Q4859959	
Q4860840	
Q4861793	
Q4864035	
Q4864133	
Q4864760	
Q4865495	
Q4866777	
Q4866845	
Q4867317	
Q4878299	
Q4878839	
Q4878852	
Q4885370	
Q4885374	
Q4885423	
Q4885592	
Q4885663	
Q4886235	
Q4886328	
Q4886766	
Q4888476	
Q4889077	
Q4889099	
Q4889823	
Q4889897	
Q4893932	
Q4893968	
Q4898381	
Q4898766	
Q4898844	
Q4898958	
Q4899821	
Q4901788	
Q4906722	
Q4907192	
Q4907508	
Q4908942	
Q4909553	
Q4909795	
Q4909800	
Q4911094	
Q4911128	
Q4911245	
Q4911294	
Q4912521	
Q4912796	
Q4915419	
Q4919640	
Q4919781	
Q4925272	
Q4929923	
Q4930910	
Q4931668	
Q4932031	
Q4932272	
Q4932380	
Q4932763	
Q4932767	
Q4932774	
Q4933609	
Q4936532	
Q4939513	
Q4942343	
Q4942381	
Q4942395	
Q4943551	
Q4944030	
Q4949401	
Q4952377	
Q4954016	
Q4954102	
Q4954882	
Q4954892	
Q4956928	
Q4958469	
Q4961424	
Q4962190	
Q4963167	
Q4963428	
Q4964404	
Q4965165	
Q4972317	
Q4973015	
Q4975217	
Q4979300	
Q4980575	
Q4980677	
Q4981853	
Q4992363	
Q4997820	
Q4999775	
Q5004428	
Q5004825	
Q5006307	
Q5006600	
Q5017020	
Q5018584	
Q5026265	
Q5026628	
Q5028010	
Q5034361	
Q5039939	
Q5040064	
Q5040974	
Q5043692	
Q5045008	
Q5045146	
Q5048547	
Q5052094	
Q5052592	
Q5052824	
Q5052956	
Q5056393	
Q5056526	
Q5058003	
Q5063101	
Q5064312	
Q5064820	
Q5066264	
Q5071546	
Q5076355	
Q5076629	
Q5077191	
Q5077283	
Q5077745	
Q5081279	
Q5081335	
Q5081445	
Q5081452	
Q5082808	
Q5082813	
Q5083012	
Q5083638	
Q5084533	
Q5084966	
Q5085016	
Q5085069	
Q5085847	
Q5086430	
Q5092367	
Q5092738	
Q5101483	
Q5105442	
Q5105780	
Q5106199	
Q5106858	
Q5107423	
Q5108608	
Q5110678	
Q5110791	
Q5110855	
Q5111024	
Q5111501	
Q5111943	
Q5112179	
Q5112592	
Q5112643	
Q5113083	
Q5115520	
Q5115633	
Q5116286	
Q5118361	
Q5119365	
Q5120579	
Q5125308	
Q5126203	
Q5126597	
Q5127241	
Q5129155	
Q5129170	
Q5129946	
Q5130292	
Q5134014	
Q5142745	
Q5146300	
Q5171152	
Q5171402	
Q5173585	
Q5180707	
Q5181199	
Q5181229	
Q5181301	
Q5181413	
Q5186370	
Q5192989	
Q5200030	
Q5200119	
Q5200139	
Q5202476	
Q5203516	
Q5203848	
Q5209708	
Q5209748	
Q5210397	
Q5210628	
Q5212226	
Q5213416	
Q5213525	
Q5213607	
Q5213934	
Q5214175	
Q5214300	
Q5214413	
Q5215824	
Q5216381	
Q5217486	
Q5218322	
Q5219111	
Q5220104	
Q5221987	
Q5228527	
Q5228911	
Q5228919	
Q5229014	
Q5229660	
Q5229897	
Q5229980	
Q5230630	
Q5230638	
Q5231293	
Q5232463	
Q5232711	
Q5232720	
Q5232965	
Q5233136	
Q5233931	
Q5234456	
Q5235477	
Q5235607	
Q5236091	
Q5236457	
Q5237122	
Q5237949	
Q5237971	
Q5238587	
Q5238609	
Q5238806	
Q5239743	
Q5240589	
Q5240656	
Q5240680	
Q5241350	
Q5242441	
Q5248334	
Q5248486	
Q5252928	
Q5255218	
Q5257240	
Q5257615	
Q5257625	
Q5257782	
Q5258873	
Q5262033	
Q5262305	
Q5262832	
Q5262976	
Q5263441	
Q5264129	
Q5271433	
Q5271455	
Q5271481	
Q5274138	
Q5274223	
Q5276604	
Q5276640	
Q5276819	
Q5276816	
Q5277023	
Q5277444	
Q5277550	
Q5277833	
Q5279696	
Q5286292	
Q5292240	
Q5292687	
Q5293013	
Q5293785	
Q5293879	
Q5295184	
Q5295211	
Q5296312	
Q5296995	
Q5297682	
Q5297905	
Q5298301	
Q5300433	
Q5300658	
Q5301493	
Q5307157	
Q5307201	
Q5314265	
Q5314362	
Q5316381	
Q5317877	
Q5325539	
Q5325563	
Q5334615	
Q5336536	
Q5336833	
Q5339888	
Q5340572	
Q5343095	
Q5343184	
Q5343700	
Q5343734	
Q5344268	
Q5344735	
Q5345530	
Q5345936	
Q5347584	
Q5349439	
Q5350151	
Q5353243	
Q5353701	
Q5354232	
Q5361530	
Q5361723	
Q5362608	
Q5363324	
Q5363375	
Q5363475	
Q5365334	
Q5370114	
Q5371650	
Q5371770	
Q5372236	
Q5372273	
Q5372410	
Q5372803	
Q5372880	
Q5373001	
Q5375187	
Q5375691	
Q5384049	
Q5385308	
Q5386557	
Q5386615	
Q5387359	
Q5388188	
Q5388196	
Q5388892	
Q5393940	
Q5394518	
Q5394562	
Q5395566	
Q5396218	
Q5396618	
Q5397944	
Q5401133	
Q5402192	
Q5405446	
Q5406165	
Q5407097	
Q5407169	
Q5407283	
Q5413089	
Q5415047	
Q5418143	
Q5423137	
Q5423160	
Q5439434	
Q5441683	
Q5441987	
Q5442801	
Q5443309	
Q5444406	
Q5444502	
Q5446263	
Q5447258	
Q5447259	
Q5448556	
Q5450326	
Q5474594	
Q5474658	
Q5477499	
Q5478793	
Q5478881	
Q5479997	
Q5482363	
Q5483426	
Q5483473	
Q5485087	
Q5485169	
Q5485603	
Q5486193	
Q5486386	
Q5486603	
Q5487397	
Q5487862	
Q5488338	
Q5489031	
Q5493161	
Q5494399	
Q5495028	
Q5495561	
Q5495939	
Q5496011	
Q5496645	
Q5496751	
Q5498684	
Q5506881	
Q5512286	
Q5512416	
Q5512488	
Q5522758	
Q5523015	
Q5524201	
Q5524731	
Q5524863	
Q5524969	
Q5525715	
Q5527775	
Q5527893	
Q5528031	
Q5528217	
Q5528815	
Q5528897	
Q5529512	
Q5530135	
Q5530444	
Q5534566	
Q5534962	
Q5537060	
Q5537557	
Q5537886	
Q5538805	
Q5539601	
Q5542119	
Q5545384	
Q5546047	
Q5549142	
Q5550068	
Q5550167	
Q5551789	
Q5552318	
Q5552517	
Q5553024	
Q5555428	
Q5558094	
Q5558291	
Q5558288	
Q5560658	
Q5562531	
Q5563238	
Q5571949	
Q5578715	
Q5584286	
Q5584849	
Q5584936	
Q5584953	
Q5584979	
Q5585104	
Q5591356	
Q5605324	
Q5605752	
Q5606233	
Q5606918	
Q5607199	
Q5609029	
Q5622167	
Q5622519	
Q5623504	
Q5629671	
Q5643966	
Q5648907	
Q5657578	
Q5662387	
Q5664891	
Q5667431	
Q5667711	
Q5668917	
Q5670045	
Q5675594	
Q5677199	
Q5679008	
Q5679537	
Q5697435	
Q5702674	
Q5704009	
Q5714395	
Q5720564	
Q5720600	
Q5726326	
Q5728898	
Q5729965	
Q5733161	
Q5734095	
Q5734227	
Q5734861	
Q5740074	
Q5740486	
Q5757859	
Q5761026	
Q5793043	
Q5804409	
Q5825684	
Q5829385	
Q5837064	
Q5858275	
Q5860905	
Q5870601	
Q5892168	
Q5902153	
Q5903411	
Q5904854	
Q5905067	
Q5923562	
Q5929002	
Q5929749	
Q5930969	
Q5931126	
Q5932419	
Q5938037	
Q5941843	
Q5945352	
Q5948281	
Q5949429	
Q5949681	
Q5955749	
Q5956220	
Q5962109	
Q5973404	
Q5976445	
Q5979366	
Q5981461	
Q5983120	
Q5983327	
Q5995161	
Q5997052	
Q6006384	
Q6026916	
Q6029546	
Q6035890	
Q6043141	
Q6045609	
Q6047255	
Q6063156	
Q6065852	
Q6066208	
Q6067643	
Q6068815	
Q6069145	
Q6072109	
Q6074780	
Q6076492	
Q6084527	
Q6084865	
Q6086970	
Q6091403	
Q6095490	
Q6095810	
Q6097008	
Q6097927	
Q6103950	
Q6105121	
Q6108242	
Q6110724	
Q6112447	
Q6114413	
Q6114583	
Q6115106	
Q6116223	
Q6116494	
Q6120126	
Q6120634	
Q6121080	
Q6123658	
Q6124620	
Q6125032	
Q6130837	
Q6132697	
Q6133054	
Q6133191	
Q6135246	
Q6135574	
Q6136354	
Q6137059	
Q6137601	
Q6138516	
Q6140729	
Q6141913	
Q6144346	
Q6146357	
Q6146554	
Q6146686	
Q6147553	
Q6148675	
Q6148948	
Q6152205	
Q6152552	
Q6152574	
Q6152695	
Q6153600	
Q6154303	
Q6154629	
Q6160213	
Q6161417	
Q6162426	
Q6162520	
Q6162531	
Q6163811	
Q6164075	
Q6165587	
Q6166010	
Q6166516	
Q6166595	
Q6167007	
Q6167147	
Q6167686	
Q6167890	
Q6169097	
Q6171132	
Q6173243	
Q6173827	
Q6175319	
Q6175850	
Q6175896	
Q6176392	
Q6177791	
Q6177899	
Q6177908	
Q6178151	
Q6178479	
Q6178662	
Q6178674	
Q6179417	
Q6181660	
Q6181856	
Q6183531	
Q6183975	
Q6186450	
Q6187221	
Q6187288	
Q6187294	
Q6192757	
Q6193294	
Q6193461	
Q6194189	
Q6194506	
Q6194504	
Q6195779	
Q6196228	
Q6196763	
Q6197272	
Q6197407	
Q6198251	
Q6198425	
Q6198464	
Q6198775	
Q6199052	
Q6200307	
Q6204183	
Q6204256	
Q6205670	
Q6207179	
Q6209811	
Q6210468	
Q6211017	
Q6211254	
Q6211354	
Q6211607	
Q6213222	
Q6213349	
Q6213894	
Q6214187	
Q6217952	
Q6218204	
Q6220126	
Q6220290	
Q6220673	
Q6221892	
Q6222097	
Q6224954	
Q6226258	
Q6228096	
Q6228281	
Q6237411	
Q6237651	
Q6239067	
Q6240721	
Q6240979	
Q6241177	
Q6241204	
Q6244999	
Q6246707	
Q6247018	
Q6249634	
Q6250954	
Q6253810	
Q6253858	
Q6255555	
Q6256521	
Q6256755	
Q6256904	
Q6259588	
Q6259756	
Q6261339	
Q6264432	
Q6271531	
Q6271597	
Q6274470	
Q6274676	
Q6279310	
Q6283947	
Q6284223	
Q6285733	
Q6285917	
Q6286585	
Q6288840	
Q6289402	
Q6290170	
Q6291915	
Q6292831	
Q6294099	
Q6294601	
Q6302797	
Q6303690	
Q6305504	
Q6306213	
Q6307234	
Q6307371	
Q6307871	
Q6308491	
Q6309654	
Q6317982	
Q6323330	
Q6323626	
Q6347431	
Q6363189	
Q6364068	
Q6367502	
Q6369635	
Q6369761	
Q6372275	
Q6373861	
Q6375387	
Q6375518	
Q6375581	
Q6375783	
Q6376330	
Q6376764	
Q6376827	
Q6377081	
Q6377121	
Q6377330	
Q6377372	
Q6380164	
Q6381598	
Q6383477	
Q6383803	
Q6384332	
Q6384617	
Q6384627	
Q6385792	
Q6385912	
Q6386082	
Q6386132	
Q6386696	
Q6387630	
Q6387732	
Q6388190	
Q6388775	
Q6390166	
Q6394545	
Q6395839	
Q6396060	
Q6396298	
Q6396584	
Q6396768	
Q6396896	
Q6399636	
Q6401600	
Q6403133	
Q6405442	
Q6408347	
Q6410080	
Q6418191	
Q6419933	
Q6435642	
Q6435845	
Q6436152	
Q6437548	
Q6437693	
Q6437747	
Q6444212	
Q6444730	
Q6449930	
Q6449956	
Q6450340	
Q6450349	
Q6456483	
Q6456528	
Q6480616	
Q6485823	
Q6488571	
Q6488593	
Q6490243	
Q6490263	
Q6490693	
Q6490983	
Q6491232	
Q6491295	
Q6498970	
Q6499369	
Q6499547	
Q6502594	
Q6503831	
Q6503921	
Q6506459	
Q6514684	
Q6519870	
Q6521679	
Q6524568	
Q6525415	
Q6525648	
Q6529408	
Q6530059	
Q6530613	
Q6536944	
Q6538103	
Q6546971	
Q6549617	
Q6550090	
Q6551971	
Q6552679	
Q6552789	
Q6552872	
Q6554257	
Q6557218	
Q6557825	
Q6557880	
Q6573652	
Q6583185	
Q6636962	
Q6658006	
Q6660045	
Q6660074	
Q6660249	
Q6660259	
Q6680265	
Q6680711	
Q6684596	
Q6686603	
Q6688349	
Q6688777	
Q6689018	
Q6696598	
Q6698313	
Q6698401	
Q6700759	
Q6701037	
Q6701406	
Q6701726	
Q6705609	
Q6705642	
Q6706016	
Q6706985	
Q6711063	
Q6712688	
Q6712974	
Q6720633	
Q6721205	
Q6727559	
Q6728910	
Q6728930	
Q6730194	
Q6730313	
Q6733663	
Q6734095	
Q6734295	
Q6734375	
Q6734636	
Q6735111	
Q6736241	
Q6737340	
Q6740647	
Q6746269	
Q6747087	
Q6749419	
Q6749430	
Q6750446	
Q6750972	
Q6751177	
Q6752572	
Q6755663	
Q6755688	
Q6757066	
Q6757069	
Q6758167	
Q6759746	
Q6761015	
Q6761034	
Q6761335	
Q6762205	
Q6762778	
Q6762928	
Q6764419	
Q6766715	
Q6766988	
Q6767274	
Q6767466	
Q6767775	
Q6768202	
Q6768854	
Q6769973	
Q6770165	
Q6773416	
Q6773521	
Q6775424	
Q6776147	
Q6776957	
Q6777089	
Q6778431	
Q6779013	
Q6779150	
Q6779750	
Q6780101	
Q6780270	
Q6780521	
Q6780566	
Q6780573	
Q6780912	
Q6780986	
Q6781940	
Q6788276	
Q6788310	
Q6788671	
Q6788826	
Q6789055	
Q6789431	
Q6790227	
Q6790355	
Q6790378	
Q6790426	
Q6790782	
Q6791187	
Q6792168	
Q6792904	
Q6795712	
Q6796003	
Q6799389	
Q6801748	
Q6804204	
Q6808744	
Q6810704	
Q6810898	
Q6812590	
Q6812710	
Q6813152	
Q6820037	
Q6827893	
Q6828113	
Q6828395	
Q6828484	
Q6828508	
Q6829524	
Q6829830	
Q6829985	
Q6830238	
Q6830243	
Q6830507	
Q6831320	
Q6833066	
Q6833109	
Q6833674	
Q6833713	
Q6834138	
Q6834961	
Q6835029	
Q6835128	
Q6835167	
Q6835472	
Q6835625	
Q6836598	
Q6836835	
Q6836940	
Q6837002	
Q6837106	
Q6837200	
Q6837278	
Q6838915	
Q6843981	
Q6846449	
Q6847289	
Q6847459	
Q6848139	
Q6848377	
Q6849216	
Q6860560	
Q6863315	
Q6864645	
Q6873393	
Q6875490	
Q6884555	
Q6889840	
Q6889871	
Q6890325	
Q6891631	
Q6891796	
Q6893059	
Q6893995	
Q6900396	
Q6902200	
Q6917647	
Q6926134	
Q6932299	
Q6933431	
Q6939162	
Q6944385	
Q6949593	
Q6950241	
Q6957509	
Q6957725	
Q6957819	
Q6958033	
Q6962172	
Q6962279	
Q6962679	
Q6963000	
Q6963007	
Q6965713	
Q6965794	
Q6968119	
Q6968251	
Q6968403	
Q6969049	
Q6969411	
Q6986823	
Q6986929	
Q6988382	
Q6990286	
Q6990415	
Q6996487	
Q7023842	
Q7025445	
Q7025643	
Q7025724	
Q7026957	
Q7028793	
Q7037883	
Q7040254	
Q7041194	
Q7046830	
Q7052057	
Q7052399	
Q7052721	
Q7064095	
Q7067665	
Q7070444	
Q7072169	
Q7077426	
Q7077836	
Q7086161	
Q7086284	
Q7087488	
Q7087738	
Q7088045	
Q7088903	
Q7116962	
Q7117328	
Q7117370	
Q7128987	
Q7129007	
Q7131291	
Q7133111	
Q7139199	
Q7141259	
Q7145664	
Q7145790	
Q7147425	
Q7147839	
Q7148166	
Q7148554	
Q7148848	
Q7149277	
Q7149433	
Q7151073	
Q7153334	
Q7153461	
Q7154504	
Q7154758	
Q7156945	
Q7159438	
Q7159524	
Q7160672	
Q7160685	
Q7162574	
Q7163193	
Q7169421	
Q7171949	
Q7172623	
Q7172765	
Q7173432	
Q7174275	
Q7174373	
Q7174735	
Q7174906	
Q7175132	
Q7175133	
Q7176148	
Q7176686	
Q7177032	
Q7177096	
Q7177185	
Q7179168	
Q7180361	
Q7181802	
Q7183483	
Q7183845	
Q7184816	
Q7184837	
Q7186339	
Q7197473	
Q7198035	
Q7209851	
Q7210782	
Q7214825	
Q7218528	
Q7227930	
Q7232984	
Q7237470	
Q7237724	
Q7238178	
Q7238272	
Q7238435	
Q7244096	
Q7246515	
Q7252957	
Q7252969	
Q7257214	
Q7261354	
Q7273869	
Q7285502	
Q7285962	
Q7286047	
Q7286316	
Q7289374	
Q7289434	
Q7289824	
Q7291588	
Q7292162	
Q7292264	
Q7292277	
Q7292286	
Q7293103	
Q7295322	
Q7296200	
Q7296669	
Q7297461	
Q7297741	
Q7298187	
Q7298570	
Q7298569	
Q7298746	
Q7299002	
Q7299202	
Q7307946	
Q7308589	
Q7308898	
Q7312983	
Q7313274	
Q7313297	
Q7317431	
Q7319678	
Q7322476	
Q7322884	
Q7324185	
Q7324264	
Q7324351	
Q7324637	
Q7325411	
Q7325430	
Q7325663	
Q7326532	
Q7326684	
Q7327075	
Q7327325	
Q7327535	
Q7327564	
Q7327981	
Q7328202	
Q7328727	
Q7328829	
Q7328944	
Q7328975	
Q7329254	
Q7329670	
Q7331328	
Q7331698	
Q7331791	
Q7339952	
Q7340361	
Q7340399	
Q7340608	
Q7341003	
Q7341363	
Q7343351	
Q7343599	
Q7343623	
Q7343768	
Q7344540	
Q7345674	
Q7346451	
Q7347199	
Q7347536	
Q7348814	
Q7350692	
Q7351873	
Q7352352	
Q7352462	
Q7356184	
Q7356524	
Q7356766	
Q7358341	
Q7358437	
Q7358482	
Q7359588	
Q7363220	
Q7363495	
Q7364586	
Q7364969	
Q7365152	
Q7365310	
Q7366945	
Q7367093	
Q7367122	
Q7367220	
Q7369525	
Q7369574	
Q7372181	
Q7377094	
Q7377421	
Q7377472	
Q7377749	
Q7377995	
Q7382596	
Q7383292	
Q7384114	
Q7384419	
Q7384584	
Q7387417	
Q7395367	
Q7397871	
Q7404555	
Q7405141	
Q7405203	
Q7405361	
Q7405402	
Q7407286	
Q7407755	
Q7407772	
Q7407983	
Q7408545	
Q7408620	
Q7409268	
Q7409552	
Q7409742	
Q7411249	
Q7411463	
Q7411619	
Q7411956	
Q7412197	
Q7412850	
Q7416536	
Q7416611	
Q7416647	
Q7417392	
Q7419631	
Q7421659	
Q7422091	
Q7422224	
Q7422557	
Q7422838	
Q7422908	
Q7425111	
Q7425698	
Q7425841	
Q7435915	
Q7436483	
Q7436515	
Q7436530	
Q7440824	
Q7441330	
Q7441332	
Q7453138	
Q7454328	
Q7456615	
Q7459220	
Q7459627	
Q7460022	
Q7461417	
Q7462490	
Q7477615	
Q7484818	
Q7489999	
Q7490556	
Q7491031	
Q7491045	
Q7491397	
Q7491644	
Q7492166	
Q7492847	
Q7493038	
Q7493486	
Q7493551	
Q7493797	
Q7495355	
Q7495358	
Q7498801	
Q7498838	
Q7499279	
Q7506803	
Q7508928	
Q7510669	
Q7514187	
Q7515456	
Q7517267	
Q7518158	
Q7520204	
Q7520418	
Q7526383	
Q7526572	
Q7527998	
Q7529912	
Q7530685	
Q7560572	
Q7560573	
Q7561710	
Q7561722	
Q7562979	
Q7564588	
Q7585721	
Q7586290	
Q7586360	
Q7586437	
Q7595842	
Q7599589	
Q7599650	
Q7599997	
Q7608279	
Q7608379	
Q7608435	
Q7608618	
Q7608688	
Q7608779	
Q7609478	
Q7609565	
Q7609857	
Q7609886	
Q7610299	
Q7610332	
Q7610702	
Q7612215	
Q7612821	
Q7613930	
Q7614321	
Q7614574	
Q7614815	
Q7614843	
Q7615042	
Q7615848	
Q7624176	
Q7627033	
Q7631264	
Q7631913	
Q7633815	
Q7634047	
Q7647699	
Q7647744	
Q7647801	
Q7647934	
Q7647971	
Q7648344	
Q7648478	
Q7649020	
Q7650809	
Q7650964	
Q7651463	
Q7660366	
Q7660998	
Q7668391	
Q7675210	
Q7683298	
Q7687384	
Q7695632	
Q7701082	
Q7701142	
Q7702149	
Q7703421	
Q7704599	
Q7705326	
Q7705560	
Q7777223	
Q7781788	
Q7781831	
Q7787246	
Q7790280	
Q7790344	
Q7792920	
Q7792942	
Q7793130	
Q7793302	
Q7793374	
Q7794645	
Q7794660	
Q7794819	
Q7795153	
Q7801454	
Q7803453	
Q7803794	
Q7803935	
Q7804143	
Q7804345	
Q7804494	
Q7804525	
Q7807095	
Q7807383	
Q7812440	
Q7812553	
Q7814847	
Q7814992	
Q7815030	
Q7816503	
Q7816603	
Q7817129	
Q7817187	
Q7821236	
Q7821602	
Q7822498	
Q7825253	
Q7828487	
Q7831817	
Q7836517	
Q7839312	
Q7841118	
Q7846832	
Q7849316	
Q7852971	
Q7876966	
Q7879777	
Q7888600	
Q7897739	
Q7908289	
Q7909076	
Q7910853	
Q7912887	
Q7914639	
Q7923125	
Q7925805	
Q7926640	
Q7926735	
Q7929567	
Q7932055	
Q7933417	
Q7938548	
Q7940222	
Q7943707	
Q7944704	
Q7945951	
Q7946029	
Q7961428	
Q7961922	
Q7963418	
Q7964174	
Q7964682	
Q7965237	
Q7970207	
Q7976404	
Q7976514	
Q7980658	
Q7996716	
Q8001895	
Q8003989	
Q8004974	
Q8005540	
Q8006088	
Q8009941	
Q8010381	
Q8012250	
Q8012757	
Q8013231	
Q8013330	
Q8013528	
Q8018012	
Q8018107	
Q8018266	
Q8019054	
Q8020553	
Q8022266	
Q8025656	
Q8043788	
Q8049825	
Q8050304	
Q8053009	
Q8053570	
Q8054741	
Q8054746	
Q8061109	
Q8065790	
Q8069256	
Q8073315	
Q8075584	
Q8075634	
Q8273280	
Q8273614	
Q8279462	
Q8350045	
Q8354733	
Q8564253	
Q8843267	
Q8932778	
Q8963128	
Q8969567	
Q8970908	
Q8998330	
Q9008954	
Q9013810	
Q9015451	
Q9015848	
Q9022898	
Q9026264	
Q9087010	
Q9094347	
Q9113320	
Q9128733	
Q9152175	
Q9183028	
Q9197496	
Q9251126	
Q9294321	
Q9302525	
Q9309152	
Q9326753	
Q9327332	
Q9327358	
Q9333407	
Q9335560	
Q9337109	
Q9367109	
Q9368799	
Q9373927	
Q9426162	
Q9441082	
Q9614196	
Q10262862	
Q10264028	
Q10296812	
Q10297071	
Q10310427	
Q10310982	
Q10321831	
Q10359272	
Q10363361	
Q10819807	
Q10843366	
Q10869632	
Q10899651	
Q10952174	
Q10970911	
Q10980180	
Q10986133	
Q11007649	
Q11066730	
Q11068099	
Q11097205	
Q11112119	
Q11114413	
Q11115058	
Q11165065	
Q11219852	
Q11246486	
Q11249433	
Q11274043	
Q11286493	
Q11682348	
Q11715753	
Q11856698	
Q11859910	
Q11862831	
Q11866071	
Q11875001	
Q11879331	
Q11879940	
Q11881359	
Q11963448	
Q11979042	
Q12006179	
Q12006888	
Q12012313	
Q12022042	
Q12025475	
Q12044282	
Q12045152	
Q12061724	
Q12130476	
Q12156234	
Q12228047	
Q12236837	
Q12278108	
Q12301414	
Q12301609	
Q12305708	
Q12393101	
Q12403611	
Q12405787	
Q12407875	
Q12409276	
Q12410278	
Q12472171	
Q12491697	
Q12498215	
Q12631651	
Q12641726	
Q12696926	
Q12787059	
Q12811720	
Q12858652	
Q12860109	
Q12873659	
Q12878285	
Q12956485	
Q12958427	
Q12988427	
Q12988436	
Q13035218	
Q13139843	
Q13140777	
Q13142308	
Q13218871	
Q13220995	
Q13225564	
Q13360055	
Q13360126	
Q13408849	
Q13468200	
Q13522490	
Q13560773	
Q13560784	
Q13560911	
Q13562382	
Q13562524	
Q13575319	
Q13579848	
Q13581520	
Q13637589	
Q13639710	
Q13653269	
Q13653436	
Q13655731	
Q13859913	
Q14121007	
Q14170790	
Q14324789	
Q14416298	
Q14602241	
Q14635963	
Q14693933	
Q14704298	
Q14755026	
Q14786031	
Q14848577	
Q14899977	
Q14912213	
Q14918665	
Q14919735	
Q14920712	
Q14927550	
Q14943000	
Q14946896	
Q14946911	
Q14947123	
Q14948825	
Q14949077	
Q14949130	
Q14949215	
Q14949441	
Q14949567	
Q14954949	
Q15040601	
Q15040881	
Q15052259	
Q15052269	
Q15054214	
Q15054357	
Q15059162	
Q15072767	
Q15077856	
Q15109519	
Q15144287	
Q15215273	
Q15215308	
Q15225223	
Q15292843	
Q15301090	
Q15410706	
Q15411550	
Q15429118	
Q15429280	
Q15429959	
Q15431563	
Q15437596	
Q15439487	
Q15442659	
Q15443108	
Q15455137	
Q15462248	
Q15473742	
Q15486057	
Q15491063	
Q15505606	
Q15524941	
Q15526718	
Q15529972	
Q15532237	
Q15633866	
Q15637635	
Q15700008	
Q15707034	
Q15710101	
Q15725863	
Q15731888	
Q15737531	
Q15782242	
Q15813197	
Q15819866	
Q15833364	
Q15838823	
Q15903786	
Q15926137	
Q15929656	
Q15929781	
Q15935792	
Q15958103	
Q15966789	
Q15967468	
Q15968633	
Q15972549	
Q15975397	
Q15981681	
Q15983432	
Q15989272	
Q15992154	
Q15992887	
Q15992910	
Q15993115	
Q15993135	
Q15994670	
Q15994991	
Q15995697	
Q15997096	
Q15998743	
Q15998871	
Q15999956	
Q16001794	
Q16002753	
Q16003826	
Q16007829	
Q16008062	
Q16008135	
Q16008138	
Q16009660	
Q16009934	
Q16011313	
Q16011348	
Q16012714	
Q16013329	
Q16013441	
Q16016191	
Q16017701	
Q16017913	
Q16018310	
Q16018610	
Q16018681	
Q16018811	
Q16019223	
Q16019397	
Q16019482	
Q16019659	
Q16019828	
Q16022919	
Q16027042	
Q16030377	
Q16030837	
Q16030877	
Q16031503	
Q16031588	
Q16035091	
Q16057932	
Q16058491	
Q16059027	
Q16059031	
Q16062191	
Q16062221	
Q16062579	
Q16062996	
Q16065318	
Q16065703	
Q16079086	
Q16081757	
Q16088656	
Q16089763	
Q16089945	
Q16090045	
Q16090769	
Q16090955	
Q16091204	
Q16091434	
Q16095263	
Q16095612	
Q16097046	
Q16104391	
Q16104957	
Q16106036	
Q16106392	
Q16106452	
Q16106626	
Q16106659	
Q16106788	
Q16106914	
Q16107187	
Q16107463	
Q16107520	
Q16107555	
Q16113908	
Q16113977	
Q16114327	
Q16114752	
Q16114858	
Q16115748	
Q16115769	
Q16116887	
Q16120488	
Q16120832	
Q16122548	
Q16124623	
Q16128314	
Q16135240	
Q16142549	
Q16145687	
Q16146134	
Q16146313	
Q16146857	
Q16146918	
Q16147040	
Q16148792	
Q16148924	
Q16149987	
Q16150027	
Q16150351	
Q16151188	
Q16151318	
Q16151619	
Q16151677	
Q16151791	
Q16151871	
Q16152004	
Q16152027	
Q16154549	
Q16185286	
Q16185413	
Q16185421	
Q16185431	
Q16185494	
Q16185529	
Q16185594	
Q16186325	
Q16186475	
Q16186517	
Q16186802	
Q16187254	
Q16189009	
Q16189318	
Q16189345	
Q16189358	
Q16189429	
Q16189439	
Q16189469	
Q16189483	
Q16189510	
Q16189531	
Q16190278	
Q16190474	
Q16190921	
Q16192657	
Q16192669	
Q16192786	
Q16192792	
Q16192838	
Q16193123	
Q16193513	
Q16193550	
Q16193695	
Q16193764	
Q16193890	
Q16193925	
Q16193993	
Q16194663	
Q16194746	
Q16194756	
Q16195059	
Q16195095	
Q16195488	
Q16195595	
Q16195636	
Q16195714	
Q16195817	
Q16196067	
Q16196080	
Q16196157	
Q16196258	
Q16196342	
Q16196595	
Q16196982	
Q16197209	
Q16198033	
Q16198216	
Q16198946	
Q16199680	
Q16200207	
Q16200974	
Q16201601	
Q16201933	
Q16202337	
Q16202411	
Q16202511	
Q16202968	
Q16203438	
Q16203607	
Q16204309	
Q16204312	
Q16204605	
Q16204967	
Q16205462	
Q16205646	
Q16205965	
Q16206054	
Q16206225	
Q16206397	
Q16206462	
Q16206609	
Q16206735	
Q16207550	
Q16210169	
Q16210321	
Q16211042	
Q16211070	
Q16211242	
Q16211813	
Q16211859	
Q16212013	
Q16212523	
Q16212771	
Q16212922	
Q16213041	
Q16213680	
Q16213687	
Q16213996	
Q16214242	
Q16214460	
Q16214780	
Q16215149	
Q16215199	
Q16215258	
Q16215320	
Q16215484	
Q16215523	
Q16215543	
Q16215595	
Q16215821	
Q16215848	
Q16215892	
Q16216489	
Q16216820	
Q16217188	
Q16217402	
Q16217605	
Q16218408	
Q16218441	
Q16218586	
Q16218753	
Q16221185	
Q16221860	
Q16223288	
Q16225177	
Q16225960	
Q16237700	
Q16239728	
Q16240965	
Q16240985	
Q16259440	
Q16266321	
Q16266451	
Q16298005	
Q16298598	
Q16299674	
Q16324522	
Q16398468	
Q16442094	
Q16466597	
Q16499762	
Q16509254	
Q16514790	
Q16584928	
Q16602077	
Q16623783	
Q16727524	
Q16728255	
Q16728851	
Q16729019	
Q16729459	
Q16730227	
Q16730578	
Q16730985	
Q16731303	
Q16731384	
Q16731629	
Q16731640	
Q16732357	
Q16732433	
Q16732482	
Q16732702	
Q16732979	
Q16733002	
Q16733215	
Q16733457	
Q16733622	
Q16734099	
Q16734504	
Q16734564	
Q16734837	
Q16735096	
Q16735116	
Q16735187	
Q16738959	
Q16750575	
Q16750581	
Q16750702	
Q16751747	
Q16765135	
Q16832093	
Q16832568	
Q16842395	
Q16843502	
Q16846370	
Q16857607	
Q16857736	
Q16864093	
Q16864221	
Q16864850	
Q16875267	
Q16876097	
Q16886099	
Q16886393	
Q16886508	
Q16887158	
Q16887211	
Q16914101	
Q16924418	
Q16931164	
Q16935052	
Q16935080	
Q16935101	
Q16939464	
Q16951398	
Q16971776	
Q16972075	
Q16973425	
Q16975291	
Q16979822	
Q16980068	
Q16983080	
Q16983641	
Q16983756	
Q16983900	
Q16984771	
Q16988451	
Q17013962	
Q17016945	
Q17037885	
Q17059044	
Q17061155	
Q17063600	
Q17067459	
Q17068536	
Q17071495	
Q17087205	
Q17089182	
Q17097532	
Q17099082	
Q17107514	
Q17109060	
Q17117405	
Q17146202	
Q17160419	
Q17177542	
Q17180680	
Q17182381	
Q17183927	
Q17183939	
Q17198027	
Q17198217	
Q17198308	
Q17198374	
Q17198682	
Q17198779	
Q17274623	
Q17275618	
Q17278675	
Q17279124	
Q17299004	
Q17305585	
Q17305758	
Q17306042	
Q17306147	
Q17306205	
Q17306322	
Q17308734	
Q17309164	
Q17318694	
Q17351932	
Q17385601	
Q17385962	
Q17386294	
Q17386575	
Q17388685	
Q17402717	
Q17403099	
Q17421411	
Q17423730	
Q17458731	
Q17465564	
Q17466480	
Q17484204	
Q17517130	
Q17566665	
Q17581425	
Q17581456	
Q17626562	
Q17627245	
Q17682623	
Q17712328	
Q17722173	
Q17811728	
Q17811817	
Q17916857	
Q17994900	
Q18001353	
Q18043985	
Q18049676	
Q18137449	
Q18148272	
Q18148474	
Q18148836	
Q18149199	
Q18163009	
Q18201834	
Q18204897	
Q18205036	
Q18206263	
Q18206418	
Q18207540	
Q18209777	
Q18210247	
Q18217794	
Q18330780	
Q18331069	
Q18352441	
Q18354138	
Q18354542	
Q18355150	
Q18355194	
Q18357755	
Q18358336	
Q18358774	
Q18361225	
Q18386654	
Q18390617	
Q18394431	
Q18394926	
Q18507204	
Q18507205	
Q18581764	
Q18602792	
Q18619268	
Q18619544	
Q18627588	
Q18631361	
Q18631496	
Q18631821	
Q18637381	
Q18638124	
Q18638576	
Q18639709	
Q18639928	
Q18645871	
Q18669946	
Q18684864	
Q18685010	
Q18685013	
Q18685414	
Q18686227	
Q18686320	
Q18686881	
Q18687911	
Q18688077	
Q18705919	
Q18708276	
Q18711557	
Q18714079	
Q18715740	
Q18715745	
Q18716094	
Q18716093	
Q18737259	
Q18738987	
Q18739108	
Q18739884	
Q18746472	
Q18749572	
Q18749600	
Q18763322	
Q18763617	
Q18763826	
Q18763858	
Q18808595	
Q18811020	
Q18811132	
Q18908010	
Q18921348	
Q18921388	
Q18921523	
Q18921529	
Q18921647	
Q18921689	
Q18921697	
Q18921711	
Q18921714	
Q18921906	
Q18922528	
Q18977972	
Q18978009	
Q18978145	
Q19271574	
Q19271587	
Q19276713	
Q19359284	
Q19364549	
Q19364798	
Q19421046	
Q19501430	
Q19518097	
Q19518736	
Q19518970	
Q19519339	
Q19519456	
Q19519726	
Q19519837	
Q19520064	
Q19520070	
Q19560008	
Q19560093	
Q19560207	
Q19560416	
Q19560624	
Q19560689	
Q19561085	
Q19561215	
Q19564462	
Q19594969	
Q19595663	
Q19604856	
Q19627844	
Q19633964	
Q19646323	
Q19654813	
Q19661595	
Q19661820	
Q19662627	
Q19663057	
Q19663382	
Q19663454	
Q19663495	
Q19663514	
Q19663549	
Q19663916	
Q19663938	
Q19663998	
Q19664014	
Q19664026	
Q19665767	
Q19665785	
Q19666071	
Q19666614	
Q19666867	
Q19667227	
Q19667273	
Q19667337	
Q19667535	
Q19667636	
Q19667816	
Q19667891	
Q19667923	
Q19668093	
Q19668182	
Q19668346	
Q19668391	
Q19668404	
Q19668496	
Q19668611	
Q19668639	
Q19668779	
Q19720072	
Q19730927	
Q19757515	
Q19794114	
Q19810737	
Q19818663	
Q19822603	
Q19841061	
Q19845247	
Q19849215	
Q19861457	
Q19864023	
Q19864625	
Q19864962	
Q19865120	
Q19865346	
Q19865404	
Q19865615	
Q19865700	
Q19867061	
Q19869293	
Q19872361	
Q19874436	
Q19875603	
Q19876520	
Q19876710	
Q19879918	
Q19880006	
Q19880640	
Q19881028	
Q19886759	
Q19892247	
Q19892676	
Q19892851	
Q19895879	
Q19922090	
Q19933271	
Q19956092	
Q19956806	
Q19957821	
Q19957878	
Q19958040	
Q19958051	
Q19962521	
Q19975337	
Q20007246	
Q20127925	
Q20273576	
Q20812953	
Q20968570	
Q21005509	
Q21062672	
Q21285550	
Q21537877	
Q21664672	
Q22694791	
Q23060821	
Q306	
Q335	
Q1260	
Q1401	
Q1545	
Q1615	
Q2010	
Q2496	
Q2512	
Q2538	
Q2542	
Q2563	
Q4029	Sammy Strong | Aden Strong | 
Q4036	
Q4042	
Q4119	
Q4223	
Q4350	
Q4491	
Q4518	
Q4547	
Q4715	
Q4934	
Q5608	
Q6060	
Q6096	
Q7317	
Q7516	
Q9557	
Q10287	
Q10837	
Q11109	
Q11132	
Q11153	
Q11270	
Q11509	
Q11584	
Q11668	
Q11669	
Q11674	
Q11675	
Q11975	
Q12341	
Q12382	
Q12911	
Q12978	
Q12981	
Q13532	
Q13938	
Q14086	
Q14539	
Q15935	
Q15993	
Q16182	
Q16296	
Q16758	
Q16849	
Q17905	
Q18111	
Q18219	
Q18315	
Q18553	
Q19182	
Q19198	
Q19201	
Q19397	
Q19658	
Q19845	
Q20119	
Q22260	
Q22338	
Q22360	
Q22989	
Q23215	
Q23748	
Q24053	
Q24842	
Q25078	
Q25132	
Q25191	
Q26173	
Q26424	
Q26763	
Q26884	
Q28211	
Q28310	
Q28487	
Q29024	
Q29110	
Q29207	
Q29250	
Q34460	
Q36105	
Q36268	
Q37876	
Q38875	
Q39525	
Q39593	
Q39666	
Q40048	
Q40057	
Q40087	
Q40090	
Q40103	
Q40122	
Q40248	
Q40715	
Q40791	
Q41076	
Q41266	
Q41342	
Q41548	
Q41570	
Q41594	
Q42204	
Q42229	
Q42455	
Q42581	
Q42786	
Q42992	
Q43135	
Q43179	
Q43723	
Q43874	
Q43994	
Q44063	
Q44158	
Q44313	
Q44410	
Q44449	
Q44690	
Q45102	
Q45928	
Q45956	
Q47100	
Q47683	
Q48737	
Q48967	
Q49296	
Q49734	
Q50597	
Q50893	
Q51109	
Q51330	
Q52469	
Q52922	
Q53282	
Q54314	
Q55183	
Q55428	
Q55497	
Q55574	
Q55777	
Q55836	
Q55844	
Q56008	
Q57162	
Q57218	
Q57289	
Q57295	
Q57329	
Q57343	
Q57364	
Q57388	
Q57467	
Q57474	
Q57502	
Q57505	
Q57539	
Q57545	
Q57614	
Q57620	
Q57625	
Q57640	
Q57647	
Q57673	
Q57676	
Q57682	
Q57689	
Q57692	
Q57693	
Q57726	
Q57732	
Q57762	
Q57783	
Q57811	
Q57834	
Q57901	
Q57956	
Q58087	
Q58135	
Q58142	
Q58147	
Q58176	
Q58325	
Q58444	
Q58735	
Q58889	
Q58912	
Q59155	
Q59315	
Q60036	
Q60420	
Q60846	
Q60984	
Q61299	
Q61903	
Q62093	
Q62206	
Q62354	
Q62539	
Q62666	
Q62703	
Q63263	
Q63879	
Q64185	
Q64525	
Q64645	
Q65106	
Q65126	
